date,tavg,tmin,tmax,prcp,snow,wdir,wspd,wpgt,pres,tsun
2019-01-01 00:00:00,-18,-19.8,-15.5,,,,4.6,,1039.1,
2019-01-02 00:00:00,-18.1,-20.4,-14.3,,,,1.4,,1037.4,
2019-01-03 00:00:00,-20.3,-23,-16.3,,,,2.7,,1039.4,
2019-01-04 00:00:00,-20.7,-23.6,-17.1,,,,4,,1037.2,
2019-01-05 00:00:00,-16.9,-20.6,-12.4,,,,2.7,,1041.9,
2019-01-06 00:00:00,-15.1,-17.8,-11.6,,,,10.2,,1037.1,
2019-01-07 00:00:00,-11,-13.7,-8.4,,,,8.6,,1022,
2019-01-08 00:00:00,-9.5,-11.2,-6.9,,,,4.3,,1013.2,
2019-01-09 00:00:00,-11.6,-19.4,-7,,,,10.4,,1019,
2019-01-10 00:00:00,-18.8,-21.5,-15.5,,,,2.3,,1028.7,
2019-01-11 00:00:00,-18.9,-21.5,-13.9,,,,2.2,,1030.1,
2019-01-12 00:00:00,-17.6,-21.5,-14.1,,,,6.6,,1033.9,
2019-01-13 00:00:00,-11.3,-14.6,-8.1,,,,12.6,,1033,
2019-01-14 00:00:00,-5.9,-8.4,-3.2,,,,15,,1019.6,
2019-01-15 00:00:00,-5.9,-8.8,-3.6,,,,6.8,,1014.5,
2019-01-16 00:00:00,-9.6,-14.4,-6.9,,,,4.3,,1025.4,
2019-01-17 00:00:00,-10.1,-16.9,-6,,,,5.1,,1029.9,
2019-01-18 00:00:00,-6.3,-8.9,-3.6,,,,9.3,,1023.3,
2019-01-19 00:00:00,-5.2,-8.2,-1.5,,,,8.8,,1020.4,
2019-01-20 00:00:00,-1.3,-2.1,0,,,,6.1,,1019,
2019-01-21 00:00:00,-4.2,-11.3,-2,,,,9.2,,1019.5,
2019-01-22 00:00:00,-11.2,-16.3,-8.7,,,,6.3,,1030.8,
2019-01-23 00:00:00,-9,-12.1,-6.3,,,,9.2,,1027.1,
2019-01-24 00:00:00,-11.1,-21.4,-7,,,,12.4,,1027.7,
2019-01-25 00:00:00,-20.5,-26.2,-12.7,,,,7,,1039.6,
2019-01-26 00:00:00,-10.2,-20.3,-5.8,,,,14.9,,1026,
2019-01-27 00:00:00,-23.4,-27.1,-19.8,,,,5.7,,1039.1,
2019-01-28 00:00:00,-23.3,-29,-16.8,,,,2.7,,1048.6,
2019-01-29 00:00:00,-16.8,-21.2,-11.4,,,,6.9,,1039.4,
2019-01-30 00:00:00,-11.9,-15.9,-7.1,,,,6.1,,1023.1,
2019-01-31 00:00:00,-14.4,-24.8,-8,,,,13.8,,1021.9,
2019-02-01 00:00:00,-22.4,-28.4,-17.9,,,,5.2,,1040.7,
2019-02-02 00:00:00,-15.8,-18.7,-12.4,,,,8.3,,1033.8,
2019-02-03 00:00:00,-16.2,-19.9,-11.4,,,,3.8,,1031.8,
2019-02-04 00:00:00,-18.1,-20.3,-15.3,,,,8.7,,1031,
2019-02-05 00:00:00,-22.4,-28.5,-17.5,,,,20.6,,1024.5,
2019-02-06 00:00:00,-29.7,-32.3,-27.3,,,,9.7,,1042,
2019-02-07 00:00:00,-30.2,-34.5,-24.6,,,,2.4,,1047.8,
2019-02-08 00:00:00,-25.8,-32.1,-20.2,,,,5.4,,1043.2,
2019-02-09 00:00:00,-16,-21.6,-11.9,,,,10.4,,1027.9,
2019-02-10 00:00:00,-17,-20.3,-13.7,,,,5.1,,1027.8,
2019-02-11 00:00:00,-18.1,-21.3,-13.8,,,,3.8,,1030.6,
2019-02-12 00:00:00,-16.4,-20.4,-12,,,,3.8,,1037.2,
2019-02-13 00:00:00,-14.5,-17.9,-9.8,,,,1.8,,1040.4,
2019-02-14 00:00:00,-10.7,-17.1,-3,,,,2.6,,1035.3,
2019-02-15 00:00:00,-8.7,-10.8,-5.9,,,,7.9,,1025.6,
2019-02-16 00:00:00,-4.7,-9.5,0.6,,,,11.9,,1018.2,
2019-02-17 00:00:00,0.3,-0.6,1.3,,,,10.3,,1005.2,
2019-02-18 00:00:00,-3.6,-6.2,0.5,,,,13.9,,1001.6,
2019-02-19 00:00:00,-2.1,-5.4,0.7,,,,16,,1005.6,
2019-02-20 00:00:00,-4,-6.5,-2.2,,,,9.7,,1013.9,
2019-02-21 00:00:00,-9.3,-12.1,-6.9,,,,12,,1027.4,
2019-02-22 00:00:00,-10.3,-13.7,-7.1,,,,11.9,,1036.7,
2019-02-23 00:00:00,-9.4,-12.6,-5.6,,,,9.4,,1031.8,
2019-02-24 00:00:00,-10.3,-12.8,-7.4,,,,9.1,,1024.8,
2019-02-25 00:00:00,-11.7,-13.8,-9.7,,,,9.4,,1023.9,
2019-02-26 00:00:00,-6.7,-11.1,-3.2,,,,9,,1013.9,
2019-02-27 00:00:00,-7.7,-10.1,-5.3,,,,8.4,,1013.5,
2019-02-28 00:00:00,-9.9,-12.5,-7.3,,,,6.6,,1008.2,
2019-03-01 00:00:00,-8.7,-10.8,-6.2,,,,5.2,,1012.2,
2019-03-02 00:00:00,-4.6,-12.7,2.4,,,,6.8,,1008.4,
2019-03-03 00:00:00,0.4,-1.2,3,,,,21.7,,1005.4,
2019-03-04 00:00:00,-3.3,-10.3,-0.1,,,,14.8,,1012.6,
2019-03-05 00:00:00,-8.5,-12.8,-6.4,,,,16.5,,1022.2,
2019-03-06 00:00:00,-4.2,-6.7,-1.4,,,,11.2,,1025.7,
2019-03-07 00:00:00,-4.3,-7.8,-1.5,,,,12,,1026.7,
2019-03-08 00:00:00,-6.2,-9.9,-3.5,,,,5.6,,1029.7,
2019-03-09 00:00:00,-6.9,-10.7,-2.7,,,,3.5,,1036.2,
2019-03-10 00:00:00,-7.4,-11.7,-4.1,,,,6.7,,1031,
2019-03-11 00:00:00,-4.6,-9,-0.9,,,,8.8,,1027.8,
2019-03-12 00:00:00,-2.9,-7.7,1.7,,,,9.7,,1027.1,
2019-03-13 00:00:00,-1.3,-5.6,3,,,,11.4,,1025.9,
2019-03-14 00:00:00,0.2,-4.3,4.2,,,,11.4,,1022.3,
2019-03-15 00:00:00,0.2,-5.9,3,,,,15,,1015.1,
2019-03-16 00:00:00,-6.6,-9.4,-3.3,,,,10.5,,1025.1,
2019-03-17 00:00:00,-7.4,-12.9,-2.1,,,,4.3,,1029,
2019-03-18 00:00:00,-6.2,-9.7,-2.3,,,,10.8,,1032.2,
2019-03-19 00:00:00,-5.5,-10.4,-0.1,,,,8.6,,1032.5,
2019-03-20 00:00:00,-2.3,-7.8,3,,,,7,,1031.1,
2019-03-21 00:00:00,-0.1,-4.6,4.4,,,,7.7,,1026.3,
2019-03-22 00:00:00,0.4,-3.9,4.8,,,,7.9,,1022.2,
2019-03-23 00:00:00,2.9,-0.8,6.9,,,,5.7,,1020,
2019-03-24 00:00:00,2.3,0.8,4.2,,,,3.5,,1022.3,
2019-03-25 00:00:00,2.3,-0.5,4.9,,,,4.5,,1025.7,
2019-03-26 00:00:00,4.5,1.9,7.8,,,,8.5,,1020.2,
2019-03-27 00:00:00,2.4,-0.8,6.2,,,,10.1,,1025.1,
2019-03-28 00:00:00,3.2,0,5.4,,,,12.1,,1020.8,
2019-03-29 00:00:00,4.6,2.2,5.8,,,,10.6,,1013,
2019-03-30 00:00:00,4.4,0.9,8.8,,,,8.8,,1021,
2019-03-31 00:00:00,3,0.1,4.6,,,,9.9,,1019.4,
2019-04-01 00:00:00,3.6,-1.6,8,,,,4.6,,1021.7,
2019-04-02 00:00:00,6.1,-0.8,12.6,,,,3.8,,1024.5,
2019-04-03 00:00:00,9,5,13.8,,,,8.3,,1018,
2019-04-04 00:00:00,8.2,5.5,11,,,,6.8,,1017.3,
2019-04-05 00:00:00,4.4,1.4,6.3,,,,8.3,,1019.7,
2019-04-06 00:00:00,2.8,-0.3,7.7,,,,6.2,,1030,
2019-04-07 00:00:00,5.3,-1.2,10.9,,,,4.4,,1033,
2019-04-08 00:00:00,7.4,1.8,12.8,,,,4.8,,1029.1,
2019-04-09 00:00:00,8,2,14.3,,,,6.4,,1018.7,
2019-04-10 00:00:00,7.9,0.2,14.1,,,,10.3,,1021.8,
2019-04-11 00:00:00,9.4,2,15,,,,9.7,,1024.3,
2019-04-12 00:00:00,11.5,5.7,17.4,,,,6.4,,1022,
2019-04-13 00:00:00,13.9,8.1,19.3,,,,6.4,,1017.5,
2019-04-14 00:00:00,13.4,7.8,19.6,,,,6.6,,1013.7,
2019-04-15 00:00:00,2.4,-3,8.8,,,,17.7,,1009.9,
2019-04-16 00:00:00,1.2,-3.7,5.9,,,,7.2,,1015.6,
2019-04-17 00:00:00,2.4,-7.3,7.4,,,,15.5,,1011.2,
2019-04-18 00:00:00,-3.5,-9.2,2,,,,10.1,,1027.6,
2019-04-19 00:00:00,-1.2,-3,-0.1,,,,13.7,,1019.9,
2019-04-20 00:00:00,-0.7,-3.5,3.3,,,,12.2,,1016.7,
2019-04-21 00:00:00,3.2,-3.2,8.4,,,,4.6,,1021.8,
2019-04-22 00:00:00,5.7,1.3,9.1,,,,3.4,,1022.5,
2019-04-23 00:00:00,6.8,1.3,12,,,,4.9,,1019.1,
2019-04-24 00:00:00,9.5,3.2,15.5,,,,6.9,,1014.6,
2019-04-25 00:00:00,7.6,4.2,10.4,,,,12.9,,1010.5,
2019-04-26 00:00:00,4.5,2.8,6.1,,,,5.4,,1014.5,
2019-04-27 00:00:00,5.4,1.8,9.9,,,,7.9,,1014.7,
2019-04-28 00:00:00,11.1,2.8,16.9,,,,15.4,,1017,
2019-04-29 00:00:00,15.9,10.9,21,,,,17.4,,1009.4,
2019-04-30 00:00:00,5,-2.5,12.3,,,,11.7,,1009,
2019-05-01 00:00:00,1.3,-4.9,6.2,,,,3.2,,1024.2,
2019-05-02 00:00:00,4.9,-1.4,9.4,,,,6.9,,1024.6,
2019-05-03 00:00:00,7.7,0,13.7,,,,3.4,,1029.6,
2019-05-04 00:00:00,11.2,3.2,17.5,,,,5.2,,1031.5,
2019-05-05 00:00:00,13.8,6.3,20.3,,,,5.3,,1031.4,
2019-05-06 00:00:00,17.1,7.8,24,,,,2.8,,1028.5,
2019-05-07 00:00:00,20.2,12.5,26.7,,,,2.5,,1024.3,
2019-05-08 00:00:00,21.2,12.4,28.2,,,,3.4,,1021.2,
2019-05-09 00:00:00,22.7,15.2,29,,,,3.5,,1018.9,
2019-05-10 00:00:00,22.7,15.8,28.2,,,,6.2,,1019.7,
2019-05-11 00:00:00,20.3,13.4,25.8,,,,5.9,,1021.2,
2019-05-12 00:00:00,20.1,12.6,26.2,,,,7.6,,1019.8,
2019-05-13 00:00:00,15.3,8.9,19.9,,,,10.6,,1020.7,
2019-05-14 00:00:00,13.3,4.5,20.9,,,,12.9,,1016.1,
2019-05-15 00:00:00,5,-1.9,9.8,,,,13.1,,1024.6,
2019-05-16 00:00:00,7.9,0.8,13.2,,,,5.7,,1026.1,
2019-05-17 00:00:00,12.9,4.7,19.1,,,,11.3,,1019.4,
2019-05-18 00:00:00,13.3,9,15.7,,,,16.3,,1006.3,
2019-05-19 00:00:00,11.9,5.7,17.3,,,,10.2,,1006.8,
2019-05-20 00:00:00,9.7,6.2,12.3,,,,6.2,,1007.3,
2019-05-21 00:00:00,8.4,2.7,13.1,,,,7,,1009.3,
2019-05-22 00:00:00,7.5,3.5,10,,,,9.2,,1012.5,
2019-05-23 00:00:00,9,3,13.3,,,,7.6,,1018.8,
2019-05-24 00:00:00,17.1,9.6,24,,,,13.5,,1013.6,
2019-05-25 00:00:00,15,3.9,21.7,,,,14.2,,1008.3,
2019-05-26 00:00:00,9.1,1.4,15,,,,5,,1024.1,
2019-05-27 00:00:00,14.7,5.1,21.5,,,,4.5,,1028,
2019-05-28 00:00:00,20.2,12.3,26.5,,,,9,,1022.2,
2019-05-29 00:00:00,21.1,15.3,26.8,,,,8.7,,1014.4,
2019-05-30 00:00:00,19.1,14.7,23.7,,,,9.5,,1014.2,
2019-05-31 00:00:00,19.7,11.6,26.4,,,,5.8,,1015.3,
2019-06-01 00:00:00,21.5,15.7,26.4,,,,8.1,,1009.6,
2019-06-02 00:00:00,20.4,13.7,25.9,,,,5.6,,1011.2,
2019-06-03 00:00:00,19.8,16.2,24.2,,,,9.2,,1011.6,
2019-06-04 00:00:00,21.2,13.6,27.5,,,,7.7,,1007.8,
2019-06-05 00:00:00,14.6,9.6,19.7,,,,11.7,,1003.6,
2019-06-06 00:00:00,10.3,8.5,12.8,,,,8.4,,1003.2,
2019-06-07 00:00:00,14.4,10.4,18.2,,,,13.8,,1000.7,
2019-06-08 00:00:00,14.3,11.3,17,,,,10.7,,1003.4,
2019-06-09 00:00:00,12.8,10.1,14.9,,,,9.2,,1010.2,
2019-06-10 00:00:00,15.7,10.5,20.3,,,,6.5,,1014.3,
2019-06-11 00:00:00,20.3,13.5,26.5,,,,7.2,,1013.4,
2019-06-12 00:00:00,20.8,16.6,24.1,,,,7.5,,1007.3,
2019-06-13 00:00:00,22.7,16,28.9,,,,12.6,,1003.1,
2019-06-14 00:00:00,12.8,10.4,15.3,,,,12.5,,1007.7,
2019-06-15 00:00:00,11.4,7.6,13.8,,,,8.3,,1007.1,
2019-06-16 00:00:00,13,8.4,17.3,,,,6.7,,1009.3,
2019-06-17 00:00:00,15.5,10.8,20.2,,,,9.6,,1006.5,
2019-06-18 00:00:00,13.9,9.3,17.5,,,,8.5,,1005.5,
2019-06-19 00:00:00,15.8,10.4,20.1,,,,6.4,,1010,
2019-06-20 00:00:00,18.4,11.7,23.1,,,,4.2,,1014.8,
2019-06-21 00:00:00,21.3,14.7,26.8,,,,4.5,,1011.3,
2019-06-22 00:00:00,19.1,13,23.7,,,,9.1,,1011.9,
2019-06-23 00:00:00,16,7.8,21.9,,,,8.3,,1017.5,
2019-06-24 00:00:00,20.1,15.7,25.9,,,,9.6,,1011.7,
2019-06-25 00:00:00,23.8,16.6,29.5,,,,4.6,,1012.4,
2019-06-26 00:00:00,25.8,20,30.7,,,,11,,1006.4,
2019-06-27 00:00:00,15.7,11.9,19.2,,,,14.4,,1008.8,
2019-06-28 00:00:00,14.2,8.6,18.7,,,,11.6,,1011.4,
2019-06-29 00:00:00,17.2,11,22,,,,13,,1014.2,
2019-06-30 00:00:00,19.1,11.8,24.2,,,,11.3,,1016.6,
2019-07-01 00:00:00,21.7,14.6,26.7,,,,10,,1012.5,
2019-07-02 00:00:00,22.4,19.1,26.3,,,,10.5,,1004.8,
2019-07-03 00:00:00,18.5,15.8,21,,,,13.8,,1004.5,
2019-07-04 00:00:00,18.7,15.4,22.7,,,,11.5,,1004.5,
2019-07-05 00:00:00,22.3,14.7,28.1,,,,4.4,,1008.2,
2019-07-06 00:00:00,24.8,19.5,30.4,,,,8.3,,1002.6,
2019-07-07 00:00:00,20.6,13.3,25.7,,,,5.6,,1007.6,
2019-07-08 00:00:00,23.7,16.8,29.5,,,,4.8,,1006.4,
2019-07-09 00:00:00,22.4,17.1,27.4,,,,6.9,,1005.8,
2019-07-10 00:00:00,21.6,13.4,27.5,,,,5.6,,1012.3,
2019-07-11 00:00:00,26,18,32.7,,,,7.6,,1011.5,
2019-07-12 00:00:00,26.6,20.8,32.1,,,,8.6,,1011.1,
2019-07-13 00:00:00,25.1,18,30.4,,,,10.1,,1011,
2019-07-14 00:00:00,25.9,17.5,32.2,,,,9.1,,1009.8,
2019-07-15 00:00:00,27.7,20.1,33.4,,,,6.8,,1008.2,
2019-07-16 00:00:00,29.1,21.5,35.9,,,,6.6,,1004.2,
2019-07-17 00:00:00,25.8,20,30.9,,,,12.2,,1006.7,
2019-07-18 00:00:00,23.6,15.3,29.9,,,,8.3,,1011,
2019-07-19 00:00:00,25.1,16.8,31.4,,,,7.2,,1010.8,
2019-07-20 00:00:00,25.7,18.6,31.4,,,,7.2,,1010.1,
2019-07-21 00:00:00,27,18.9,33.4,,,,4.7,,1006.4,
2019-07-22 00:00:00,24,19.4,27.4,,,,8.6,,1001.6,
2019-07-23 00:00:00,20.5,16.1,26.1,,,,8,,1005.7,
2019-07-24 00:00:00,19,14.3,23,,,,7.2,,1006.3,
2019-07-25 00:00:00,20.6,14.3,25.6,,,,6.5,,1009.8,
2019-07-26 00:00:00,19,14.2,23.1,,,,9.5,,1010.2,
2019-07-27 00:00:00,20.7,12.4,27,,,,3.7,,1009,
2019-07-28 00:00:00,24.5,17.5,30.9,,,,8.7,,1002.7,
2019-07-29 00:00:00,25.4,21.5,29.8,,,,13.1,,997,
2019-07-30 00:00:00,23.9,17.8,29.1,,,,7.3,,1002.7,
2019-07-31 00:00:00,27.3,19.9,34.3,,,,7.2,,1004.1,
2019-08-01 00:00:00,28.1,21.9,33.6,,,,10.7,,997.1,
2019-08-02 00:00:00,21.4,16.2,25.4,,,,13.7,,995.5,
2019-08-03 00:00:00,19.9,13.5,25.5,,,,8.9,,1002.9,
2019-08-04 00:00:00,21.3,14.4,26.8,,,,5.4,,1004.6,
2019-08-05 00:00:00,22.9,14.8,29.7,,,,9.6,,1008.4,
2019-08-06 00:00:00,27.9,18.3,36.6,,,,7.6,,1005.9,
2019-08-07 00:00:00,23.2,17.8,27.8,,,,8.9,,1007.7,
2019-08-08 00:00:00,19.9,12.5,25.8,,,,6.8,,1009.9,
2019-08-09 00:00:00,18,11.2,22.7,,,,6.9,,1012.1,
2019-08-10 00:00:00,20.5,12,27.6,,,,5,,1014.9,
2019-08-11 00:00:00,26,17.9,33.1,,,,5.1,,1010.8,
2019-08-12 00:00:00,27.2,20.6,32.8,,,,8.9,,1002.9,
2019-08-13 00:00:00,23.4,18.9,26.7,,,,9.3,,998.9,
2019-08-14 00:00:00,20.5,14.9,25.9,,,,6.4,,1005.3,
2019-08-15 00:00:00,18.3,14.8,21.8,,,,4.7,,1008.2,
2019-08-16 00:00:00,18.5,12.8,23.6,,,,4.9,,1011.2,
2019-08-17 00:00:00,19.3,13.9,23.9,,,,8.2,,1014.3,
2019-08-18 00:00:00,21.5,13.8,28.3,,,,6,,1017.6,
2019-08-19 00:00:00,21.9,15.9,27.7,,,,5.7,,1020.1,
2019-08-20 00:00:00,20.1,14.3,25.6,,,,7.1,,1020.8,
2019-08-21 00:00:00,17.1,13.7,20.3,,,,7.7,,1012.5,
2019-08-22 00:00:00,15.3,10.5,19.6,,,,11.8,,1013.2,
2019-08-23 00:00:00,17.6,11.3,23.8,,,,3.4,,1019.9,
2019-08-24 00:00:00,20.1,11.9,26.9,,,,5.2,,1019.9,
2019-08-25 00:00:00,22.1,15.6,28.4,,,,4.2,,1017,
2019-08-26 00:00:00,24.6,17.9,31.7,,,,8.3,,1009,
2019-08-27 00:00:00,16.5,11.3,19.5,,,,9.3,,1010.9,
2019-08-28 00:00:00,16.1,7.8,22.8,,,,4.7,,1014.3,
2019-08-29 00:00:00,19.8,14.7,26.2,,,,12.4,,1001.1,
2019-08-30 00:00:00,14.1,11.1,15.9,,,,20.5,,999.3,
2019-08-31 00:00:00,10.4,8.2,12.2,,,,16.5,,1003.8,
2019-09-01 00:00:00,10.2,6.8,14.1,,,,7.2,,1011.2,
2019-09-02 00:00:00,10.2,7.3,12.3,,,,10.9,,1009.6,
2019-09-03 00:00:00,11,5.6,16.2,,,,5.5,,1012.7,
2019-09-04 00:00:00,13.5,7.3,19,,,,6.7,,1011.6,
2019-09-05 00:00:00,12.7,10.3,15.7,,,,9.3,,1006.2,
2019-09-06 00:00:00,10.9,8.7,13.5,,,,5.1,,1004.7,
2019-09-07 00:00:00,11,8.1,14.2,,,,4.9,,1010.3,
2019-09-08 00:00:00,10.3,7.6,13.2,,,,3.7,,1012.4,
2019-09-09 00:00:00,11.2,7.8,14.9,,,,4.1,,1013.6,
2019-09-10 00:00:00,11.6,8,15.2,,,,5.8,,1019.6,
2019-09-11 00:00:00,12.1,7.9,16.6,,,,5.9,,1026.4,
2019-09-12 00:00:00,12.1,6.5,17,,,,3.2,,1028.3,
2019-09-13 00:00:00,13.7,9.6,18.4,,,,5.3,,1022.1,
2019-09-14 00:00:00,14.7,8.1,21,,,,2.6,,1020.8,
2019-09-15 00:00:00,16.5,9.3,23.2,,,,2.3,,1018.6,
2019-09-16 00:00:00,16.8,8.1,23.6,,,,4.1,,1014.8,
2019-09-17 00:00:00,16.7,12,21.3,,,,10,,1013.8,
2019-09-18 00:00:00,18.9,13.1,25.3,,,,9.7,,1013.8,
2019-09-19 00:00:00,20.9,14.3,28.3,,,,9.8,,1009.6,
2019-09-20 00:00:00,14.7,9.6,18,,,,9.7,,1014.7,
2019-09-21 00:00:00,14.2,6.5,20.7,,,,3.4,,1018.4,
2019-09-22 00:00:00,20.8,9.8,29.5,,,,17.5,,1001.5,
2019-09-23 00:00:00,11.3,5.4,15.8,,,,19.3,,1012.6,
2019-09-24 00:00:00,9.6,3.9,12.5,,,,14.6,,1015.3,
2019-09-25 00:00:00,6.7,1.6,12,,,,5.9,,1020.9,
2019-09-26 00:00:00,6.8,0.9,12.2,,,,2.4,,1021.5,
2019-09-27 00:00:00,6.3,2.8,7.3,,,,4.1,,1012.9,
2019-09-28 00:00:00,5.3,-0.6,10.2,,,,7.6,,1013.4,
2019-09-29 00:00:00,4,-0.3,5.8,,,,11.8,,1013,
2019-09-30 00:00:00,1.9,-2.7,5.5,,,,3,,1026.1,
2019-10-01 00:00:00,4.9,-0.1,10.3,,,,1.5,,1030.8,
2019-10-02 00:00:00,7.3,2.2,13.1,,,,3.6,,1031.6,
2019-10-03 00:00:00,8.2,1.4,15.5,,,,1.2,,1029,
2019-10-04 00:00:00,9.8,3.1,17.2,,,,2.3,,1027.7,
2019-10-05 00:00:00,11.7,3.4,19.9,,,,1.2,,1027.4,
2019-10-06 00:00:00,13.5,5.3,22.3,,,,2.4,,1023.4,
2019-10-07 00:00:00,15.1,8,23.3,,,,5.6,,1019.9,
2019-10-08 00:00:00,15.7,7.1,24.2,,,,4.9,,1020.3,
2019-10-09 00:00:00,17.5,11.6,24.9,,,,3,,1021.3,
2019-10-10 00:00:00,15.8,10.2,21.8,,,,6.2,,1014.7,
2019-10-11 00:00:00,12.2,9,14.9,,,,8.1,,1014.5,
2019-10-12 00:00:00,9.4,6.5,13.6,,,,5,,1026.2,
2019-10-13 00:00:00,10.3,4.8,15.4,,,,6.7,,1024.3,
2019-10-14 00:00:00,9.6,8.2,12.8,,,,11.8,,1014,
2019-10-15 00:00:00,8.7,6.6,11.2,,,,13.1,,1014.9,
2019-10-16 00:00:00,8.3,3.2,10.3,,,,16.9,,1008.3,
2019-10-17 00:00:00,2.6,0.9,4,,,,10.5,,1020.3,
2019-10-18 00:00:00,3.6,0.3,6.8,,,,11.3,,1024.1,
2019-10-19 00:00:00,4.9,-0.1,8,,,,10.5,,1019.6,
2019-10-20 00:00:00,-3.8,-6.5,-1.1,,,,15.8,,1031.8,
2019-10-21 00:00:00,-3.9,-7.8,1.1,,,,3.2,,1038.3,
2019-10-22 00:00:00,-0.7,-5.2,4.9,,,,8.8,,1032.2,
2019-10-23 00:00:00,1.4,-1.8,4.3,,,,11.7,,1024.4,
2019-10-24 00:00:00,5.4,2.4,8.2,,,,11.9,,1019,
2019-10-25 00:00:00,6.4,4.3,8.4,,,,7.2,,1022.2,
2019-10-26 00:00:00,7.4,4.5,11,,,,7.6,,1022.2,
2019-10-27 00:00:00,9.5,5.7,13.8,,,,14.3,,1016.2,
2019-10-28 00:00:00,9.2,7.9,11.2,,,,19.5,,1008.7,
2019-10-29 00:00:00,10.7,8.4,14.8,,,,13.5,,1013.6,
2019-10-30 00:00:00,10.2,6.9,15.1,,,,6.4,,1015,
2019-10-31 00:00:00,9.6,6.6,13,,,,9.6,,1008.1,
2019-11-01 00:00:00,3.1,-1.8,8.7,,,,14.1,,1013,
2019-11-02 00:00:00,-2.3,-4.7,-0.5,,,,6.2,,1028.3,
2019-11-03 00:00:00,-1.1,-5.3,1.9,,,,6.3,,1030.5,
2019-11-04 00:00:00,-0.6,-2.2,1.3,,,,9.8,,1018.9,
2019-11-05 00:00:00,-1.4,-2.6,0.5,,,,2.8,,1027.3,
2019-11-06 00:00:00,-1.5,-3.2,-0.4,,,,9.1,,1027.2,
2019-11-07 00:00:00,0.9,-1.5,4,,,,11.4,,1024.8,
2019-11-08 00:00:00,1.4,0,2.6,,,,15.8,,1022.9,
2019-11-09 00:00:00,0.4,-2.8,1.9,,,,7.1,,1024.7,
2019-11-10 00:00:00,-8.8,-13.7,-3.4,,,,12.4,,1034.7,
2019-11-11 00:00:00,-8.8,-13.7,-4.9,,,,5.5,,1041.3,
2019-11-12 00:00:00,-2.6,-5.6,1.5,,,,10.4,,1031.8,
2019-11-13 00:00:00,-2.2,-4.7,1.2,,,,7.9,,1024.4,
2019-11-14 00:00:00,-5.8,-11.8,-3,,,,11.6,,1025.2,
2019-11-15 00:00:00,-14.4,-18.7,-11,,,,8.9,,1043.9,
2019-11-16 00:00:00,-9.4,-14.6,-5.1,,,,9.2,,1043.8,
2019-11-17 00:00:00,-4.6,-8,-1.4,,,,10.6,,1032.3,
2019-11-18 00:00:00,-3.7,-4.9,-2.3,,,,9.2,,1023.7,
2019-11-19 00:00:00,-15,-25.1,-5.1,,,,12.1,,1026.4,
2019-11-20 00:00:00,-24.7,-26.6,-21.3,,,,5.7,,1037.9,
2019-11-21 00:00:00,-22.9,-26.4,-18.4,,,,3.3,,1043.7,
2019-11-22 00:00:00,-18.3,-22.1,-14,,,,5.2,,1040.7,
2019-11-23 00:00:00,-12.7,-15.6,-9.1,,,,4.6,,1037.3,
2019-11-24 00:00:00,-9.8,-14.1,-7.6,,,,7.3,,1029.9,
2019-11-25 00:00:00,-8.8,-10.3,-6.8,,,,5.8,,1031.2,
2019-11-26 00:00:00,-10.5,-12.7,-8.7,,,,5,,1033,
2019-11-27 00:00:00,-11,-13.4,-8.7,,,,6.4,,1035.2,
2019-11-28 00:00:00,-13.1,-16.2,-9.7,,,,7.9,,1037.8,
2019-11-29 00:00:00,-14.3,-16.9,-9.9,,,,5.5,,1042.4,
2019-11-30 00:00:00,-13.8,-18.1,-7.7,,,,3.4,,1043.4,
2019-12-01 00:00:00,-8.6,-13.8,-2.6,,,,3.5,,1034.6,
2019-12-02 00:00:00,-6.2,-9.2,-3.9,,,,6.9,,1024.6,
2019-12-03 00:00:00,-3.3,-5.5,-0.7,,,,5.8,,1024.6,
2019-12-04 00:00:00,1,-4,4.1,,,,5.8,,1024,
2019-12-05 00:00:00,0.8,-2.3,3.5,,,,10.4,,1015.4,
2019-12-06 00:00:00,-6.1,-8.3,-3,,,,17.9,,1021.7,
2019-12-07 00:00:00,-2,-3.2,-1.1,,,,21.8,,1023.2,
2019-12-08 00:00:00,-2,-4.1,-1.1,,,,10.9,,1027.8,
2019-12-09 00:00:00,-4.3,-6.1,-2.8,,,,4.4,,1028.9,
2019-12-10 00:00:00,-6.6,-8.3,-4,,,,0.8,,1028,
2019-12-11 00:00:00,-6.6,-8.9,-4,,,,2.6,,1025.4,
2019-12-12 00:00:00,-1.5,-6.2,1,,,,7.6,,1017.2,
2019-12-13 00:00:00,-2.8,-9.3,0,,,,8.9,,1015.3,
2019-12-14 00:00:00,-13,-16.3,-9.8,,,,5.5,,1029.4,
2019-12-15 00:00:00,-16.2,-18.5,-12.4,,,,1.5,,1039.7,
2019-12-16 00:00:00,-16.9,-20.2,-13.4,,,,3.5,,1042.1,
2019-12-17 00:00:00,-12.3,-15.5,-9.2,,,,6.4,,1038,
2019-12-18 00:00:00,-9.1,-11.2,-7,,,,10.2,,1024.6,
2019-12-19 00:00:00,-5.8,-9.6,-3.8,,,,11.6,,1014.1,
2019-12-20 00:00:00,-3.3,-9.2,1.6,,,,15.2,,1005.8,
2019-12-21 00:00:00,-2.4,-4.6,0.7,,,,18.7,,998.6,
2019-12-22 00:00:00,-10.1,-12.5,-5.5,,,,13.8,,1011,
2019-12-23 00:00:00,-13.8,-15.5,-12.6,,,,11,,1028.4,
2019-12-24 00:00:00,-12.4,-14.9,-9.8,,,,13,,1031.3,
2019-12-25 00:00:00,-10.4,-13.5,-8.5,,,,11.1,,1032.7,
2019-12-26 00:00:00,-10.4,-14.1,-6.9,,,,7.6,,1028.8,
2019-12-27 00:00:00,-7.4,-10.1,-4.1,,,,6.6,,1022,
2019-12-28 00:00:00,-3.9,-6.4,-1.8,,,,8.7,,1014.3,
2019-12-29 00:00:00,-4.1,-6.6,-2.9,,,,9.7,,1014.7,
2019-12-30 00:00:00,-12.7,-17.9,-7.1,,,,7.3,,1021.9,
2019-12-31 00:00:00,-15.7,-18.8,-12.3,,,,9.4,,1023,
2020-01-01 00:00:00,-4.2,-12.1,-0.8,,,,23.6,,1015.8,
2020-01-02 00:00:00,-2.4,-3.7,-1,,,,21.3,,1019.7,
2020-01-03 00:00:00,-2.6,-4.2,-1.7,,,,11.3,,1022.1,
2020-01-04 00:00:00,-3.5,-5,-2.5,,,,9.6,,1024.7,
2020-01-05 00:00:00,-4.6,-6,-3.6,,,,9,,1025,
2020-01-06 00:00:00,-6,-8.3,-4,,,,2,,1026.2,
2020-01-07 00:00:00,-10.5,-14.3,-8.4,,,,1.7,,1029.3,
2020-01-08 00:00:00,-14.2,-17.8,-10.5,,,,2.4,,1034.1,
2020-01-09 00:00:00,-15,-17.8,-11.8,,,,4.7,,1034.7,
2020-01-10 00:00:00,-15.9,-18.9,-12.9,,,,5.3,,1032,
2020-01-11 00:00:00,-12.2,-13.8,-9.7,,,,5.8,,1024.3,
2020-01-12 00:00:00,-14.8,-19.3,-12.7,,,,4.8,,1020.6,
2020-01-13 00:00:00,-14.5,-18.9,-11.5,,,,7.7,,1021.6,
2020-01-14 00:00:00,-9.2,-11.4,-5.6,,,,18.2,,1019.4,
2020-01-15 00:00:00,-5.5,-9.1,-3.5,,,,13.1,,1017.9,
2020-01-16 00:00:00,-10.2,-11.9,-7.1,,,,14.1,,1029.4,
2020-01-17 00:00:00,-4.7,-6.6,-3.7,,,,23.1,,1018.8,
2020-01-18 00:00:00,-4.9,-7.5,-3.4,,,,11.6,,1025.1,
2020-01-19 00:00:00,-7.3,-9.2,-5.6,,,,7.4,,1024.2,
2020-01-20 00:00:00,-9.1,-11.2,-7,,,,5.5,,1024.9,
2020-01-21 00:00:00,-6.8,-7.3,-6.4,,,,11,,1016.8,
2020-01-22 00:00:00,-6.5,-7.7,-5.4,,,,19.2,,1015.1,
2020-01-23 00:00:00,-2.5,-4.9,-1.1,,,,31.2,,1008,
2020-01-24 00:00:00,-1.2,-3.3,-0.2,,,,19.8,,1005.9,
2020-01-25 00:00:00,-7.9,-13.5,-3.6,,,,14,,1012.5,
2020-01-26 00:00:00,-9.5,-13.7,-4.8,,,,26.2,,1014.4,
2020-01-27 00:00:00,-4.6,-8.5,-3,,,,24.2,,1004.6,
2020-01-28 00:00:00,-8.9,-18.4,-5.3,,,,18.2,,1010.8,
2020-01-29 00:00:00,-21.2,-24.2,-17.8,,,,5.6,,1037.7,
2020-01-30 00:00:00,-18.4,-22.5,-12.9,,,,2.7,,1039.3,
2020-01-31 00:00:00,-15,-18.9,-10.4,,,,3.8,,1034.2,
2020-02-01 00:00:00,-11.1,-14.3,-6.8,,,,4.5,,1027.1,
2020-02-02 00:00:00,-9.2,-12,-5.1,,,,6.4,,1019.7,
2020-02-03 00:00:00,-6.3,-10.9,-3.6,,,,7,,1014.2,
2020-02-04 00:00:00,-5.4,-10.1,-3,,,,11.1,,1017.7,
2020-02-05 00:00:00,0.1,-2.5,1.9,,,,14.3,,1015.4,
2020-02-06 00:00:00,-3.8,-6.2,0.6,,,,16.1,,1015.9,
2020-02-07 00:00:00,-2,-5.3,3.4,,,,18.8,,1016.7,
2020-02-08 00:00:00,3,1.2,4.2,,,,19.4,,1004.6,
2020-02-09 00:00:00,-1.9,-8.1,1.7,,,,9.5,,1002.5,
2020-02-10 00:00:00,-14.8,-20.9,-9.1,,,,6.3,,1020.1,
2020-02-11 00:00:00,-18.2,-23.6,-13.3,,,,9.6,,1031.3,
2020-02-12 00:00:00,-13,-17.4,-8.3,,,,5.4,,1028.8,
2020-02-13 00:00:00,-6.4,-11.4,-2.5,,,,16.7,,1019.9,
2020-02-14 00:00:00,-9.8,-14.9,-4.2,,,,10.9,,1033.3,
2020-02-15 00:00:00,-4.6,-8.3,-0.8,,,,5.7,,1030.2,
2020-02-16 00:00:00,-5.6,-7.7,-3.6,,,,8.7,,1028.8,
2020-02-17 00:00:00,-9,-12.2,-7.5,,,,10.8,,1033.8,
2020-02-18 00:00:00,-11.2,-13.5,-9.1,,,,11.8,,1035.1,
2020-02-19 00:00:00,-5.8,-8.6,-3.6,,,,21.1,,1029.9,
2020-02-20 00:00:00,-6.3,-8.4,-4,,,,13,,1030.7,
2020-02-21 00:00:00,-6.2,-10.5,-1.8,,,,5.4,,1022.3,
2020-02-22 00:00:00,-6.1,-8.6,-3.8,,,,13.6,,1023.2,
2020-02-23 00:00:00,-5.9,-8,-3.8,,,,3.2,,1031.3,
2020-02-24 00:00:00,-8.6,-12.2,-5.3,,,,3.6,,1028.2,
2020-02-25 00:00:00,-7,-12,-2.4,,,,9,,1023.5,
2020-02-26 00:00:00,0.5,-2,3.1,,,,16.8,,1009.4,
2020-02-27 00:00:00,-1.5,-4.2,0.1,,,,24.8,,1008.6,
2020-02-28 00:00:00,-3.7,-7.7,-0.2,,,,10.9,,1030.9,
2020-02-29 00:00:00,-2.2,-6,1.7,,,,7.8,,1031.2,
2020-03-01 00:00:00,0.5,-2.3,4.3,,,,7.6,,1021.6,
2020-03-02 00:00:00,-3,-5,-1.6,,,,8.5,,1017.3,
2020-03-03 00:00:00,-6.4,-9.2,-2.9,,,,8.3,,1028.7,
2020-03-04 00:00:00,-8.4,-12.2,-4.5,,,,8.5,,1029.1,
2020-03-05 00:00:00,-7.7,-10.8,-3.9,,,,7.9,,1022.9,
2020-03-06 00:00:00,-12.1,-15.9,-9.7,,,,11.7,,1035.1,
2020-03-07 00:00:00,-15.2,-20.6,-10,,,,7.7,,1048.1,
2020-03-08 00:00:00,-10.2,-15.6,-4.9,,,,13.6,,1044.7,
2020-03-09 00:00:00,-6.9,-12.1,-2.6,,,,13.7,,1034.9,
2020-03-10 00:00:00,-3.3,-5.7,-0.9,,,,6.1,,1029.5,
2020-03-11 00:00:00,-2.6,-5.9,1.4,,,,6.8,,1030.8,
2020-03-12 00:00:00,-2.5,-7.8,2.9,,,,5.4,,1031,
2020-03-13 00:00:00,-3.2,-7.5,1.3,,,,7.6,,1023.4,
2020-03-14 00:00:00,-0.7,-6,3.5,,,,15.1,,1017.4,
2020-03-15 00:00:00,3,-0.5,6.7,,,,14,,1016.7,
2020-03-16 00:00:00,3.1,0.7,5.6,,,,6.2,,1019.4,
2020-03-17 00:00:00,2,-5.3,5.4,,,,9.7,,1018.7,
2020-03-18 00:00:00,-3.2,-6.5,0,,,,9.9,,1028.9,
2020-03-19 00:00:00,-2.7,-5.6,0.5,,,,8.2,,1025.4,
2020-03-20 00:00:00,-0.2,-4.1,4,,,,11.5,,1017.6,
2020-03-21 00:00:00,2.2,0.1,4.1,,,,18,,1004.5,
2020-03-22 00:00:00,-0.6,-2.9,0.9,,,,15.7,,1020.1,
2020-03-23 00:00:00,-2.9,-5.5,-0.2,,,,8.9,,1033.5,
2020-03-24 00:00:00,-4.7,-7.4,-1.6,,,,9.6,,1041.9,
2020-03-25 00:00:00,-4.7,-9.4,-0.5,,,,3.4,,1045.4,
2020-03-26 00:00:00,-2.6,-8,2.6,,,,5.3,,1037.2,
2020-03-27 00:00:00,-1,-5,2.3,,,,10.9,,1025.1,
2020-03-28 00:00:00,-0.1,-2.6,2.9,,,,7.2,,1025.2,
2020-03-29 00:00:00,-0.5,-5.6,4,,,,6.1,,1030.8,
2020-03-30 00:00:00,2.1,-3,7.4,,,,4.5,,1028.5,
2020-03-31 00:00:00,5.6,-0.5,12,,,,4.8,,1021.2,
2020-04-01 00:00:00,7.4,2.7,13.2,,,,9.4,,1012.3,
2020-04-02 00:00:00,7.7,5.5,11.5,,,,13.4,,1012.5,
2020-04-03 00:00:00,6.5,0.5,11.7,,,,4,,1024.8,
2020-04-04 00:00:00,11.2,4.7,16.7,,,,7.2,,1023.6,
2020-04-05 00:00:00,9.5,5.5,12.5,,,,10.1,,1016.2,
2020-04-06 00:00:00,8.4,4.9,12.1,,,,8.9,,1016.7,
2020-04-07 00:00:00,6.7,-1,10.8,,,,21.3,,1006.7,
2020-04-08 00:00:00,0,-3.8,3.3,,,,16.2,,1020,
2020-04-09 00:00:00,1.2,-3.5,4.9,,,,9.6,,1027.2,
2020-04-10 00:00:00,4.3,-0.7,9.3,,,,7.9,,1030.6,
2020-04-11 00:00:00,8.3,2.1,13.6,,,,5.6,,1025.9,
2020-04-12 00:00:00,11.1,7,15.5,,,,9.7,,1014,
2020-04-13 00:00:00,10.9,4.9,16.5,,,,7.2,,1014.2,
2020-04-14 00:00:00,6,2.8,10.1,,,,6.5,,1018.6,
2020-04-15 00:00:00,6.4,1.7,10.7,,,,11.8,,1024.1,
2020-04-16 00:00:00,10.6,4.6,16,,,,8.5,,1025.9,
2020-04-17 00:00:00,13.2,5.7,19.2,,,,9.2,,1020.4,
2020-04-18 00:00:00,15.2,8.5,21.1,,,,10.4,,1018,
2020-04-19 00:00:00,15.6,9.3,21.3,,,,4.9,,1020.5,
2020-04-20 00:00:00,18.2,8.2,24.9,,,,4.4,,1022,
2020-04-21 00:00:00,19.9,14,26,,,,6.2,,1017.6,
2020-04-22 00:00:00,20.5,12.2,27.1,,,,10,,1009.4,
2020-04-23 00:00:00,14.3,11,19.3,,,,11.9,,1009,
2020-04-24 00:00:00,7.3,5.2,10.5,,,,6.9,,1011.8,
2020-04-25 00:00:00,8,2.5,13.2,,,,5.2,,1021.9,
2020-04-26 00:00:00,12.6,5.1,18.3,,,,6.2,,1022.7,
2020-04-27 00:00:00,16.9,11.4,21.8,,,,7.8,,1010.6,
2020-04-28 00:00:00,19.2,15,22.4,,,,10.2,,1000,
2020-04-29 00:00:00,15.5,12.6,18.6,,,,13.7,,1008.5,
2020-04-30 00:00:00,11.6,8.8,14.2,,,,13.8,,1017.1,
2020-05-01 00:00:00,14.8,8.8,20.4,,,,12.6,,1019.2,
2020-05-02 00:00:00,16.9,9.5,22.6,,,,4.2,,1016.1,
2020-05-03 00:00:00,15.2,6.9,20.3,,,,7.6,,1009.3,
2020-05-04 00:00:00,7,3.3,10.1,,,,10,,1021.7,
2020-05-05 00:00:00,8,1.6,13,,,,6.4,,1029.9,
2020-05-06 00:00:00,12.2,5.2,18.1,,,,3.7,,1030.8,
2020-05-07 00:00:00,16,7.4,22.7,,,,4.8,,1024.4,
2020-05-08 00:00:00,19.7,11.4,25.7,,,,10.3,,1018.6,
2020-05-09 00:00:00,20.8,13.6,26,,,,13,,1014.6,
2020-05-10 00:00:00,21.6,14.5,27.1,,,,7.2,,1012.1,
2020-05-11 00:00:00,22.3,14.7,28.1,,,,4.6,,1011.7,
2020-05-12 00:00:00,24.1,15.8,30,,,,3.5,,1010.5,
2020-05-13 00:00:00,24.7,17.4,30.6,,,,4.8,,1008,
2020-05-14 00:00:00,23.3,18,28.7,,,,9.2,,1006.5,
2020-05-15 00:00:00,15.1,13.2,17.4,,,,17.1,,1009.6,
2020-05-16 00:00:00,18.1,12.7,23.1,,,,9,,1012.8,
2020-05-17 00:00:00,20.1,13.8,24.7,,,,8.3,,1012.4,
2020-05-18 00:00:00,20.1,16.2,24,,,,7,,1007,
2020-05-19 00:00:00,15.2,12.5,17.1,,,,15.1,,1010.3,
2020-05-20 00:00:00,16.1,11.8,19.9,,,,12.3,,1014.4,
2020-05-21 00:00:00,14.2,10.5,17.5,,,,11.4,,1017.8,
2020-05-22 00:00:00,16.3,10.6,20.1,,,,9.6,,1020.4,
2020-05-23 00:00:00,21.5,13.2,28.3,,,,4.7,,1021.3,
2020-05-24 00:00:00,26.4,17.1,33.6,,,,3.8,,1023.6,
2020-05-25 00:00:00,28.6,19.3,35.7,,,,3.5,,1024.8,
2020-05-26 00:00:00,27,18.9,34.3,,,,9.6,,1020.8,
2020-05-27 00:00:00,17.8,11.7,22.2,,,,14.7,,1025.4,
2020-05-28 00:00:00,19.6,11.2,25.9,,,,4.2,,1022.8,
2020-05-29 00:00:00,22.7,13.8,29.7,,,,5.7,,1015.8,
2020-05-30 00:00:00,21.5,14.5,26.7,,,,8,,1014.8,
2020-05-31 00:00:00,25.1,14.5,33.3,,,,8.8,,1011.3,
2020-06-01 00:00:00,26.5,20.8,31.6,,,,9.1,,1007.6,
2020-06-02 00:00:00,24.2,18.2,29.3,,,,8.6,,1009.7,
2020-06-03 00:00:00,19.4,14.3,24.3,,,,11.7,,1012.6,
2020-06-04 00:00:00,14.9,9.5,19.7,,,,16.8,,1014,
2020-06-05 00:00:00,13.1,5.8,19,,,,12.3,,1021.4,
2020-06-06 00:00:00,16.9,8.3,23,,,,6.8,,1023.3,
2020-06-07 00:00:00,20.2,11.9,25.7,,,,6.8,,1022.7,
2020-06-08 00:00:00,22.2,14.1,27.8,,,,5.9,,1020.2,
2020-06-09 00:00:00,23.2,14.7,29.2,,,,8.7,,1018.9,
2020-06-10 00:00:00,23.3,15.6,28.6,,,,9,,1020.3,
2020-06-11 00:00:00,25.3,17.7,30.8,,,,6.2,,1017.4,
2020-06-12 00:00:00,26.1,18.3,31.9,,,,4.5,,1011.7,
2020-06-13 00:00:00,26.8,20.2,32.8,,,,8.8,,1005.2,
2020-06-14 00:00:00,17.1,13.5,20.7,,,,15.3,,1011.3,
2020-06-15 00:00:00,13.9,10,17.1,,,,14.7,,1015,
2020-06-16 00:00:00,13.3,10,15.8,,,,17.1,,1010.9,
2020-06-17 00:00:00,17.3,11.4,23.5,,,,9.6,,1007.5,
2020-06-18 00:00:00,18.1,12.7,23.5,,,,9.5,,1006.3,
2020-06-19 00:00:00,13.2,8.6,16.6,,,,10.4,,1013.6,
2020-06-20 00:00:00,12.9,6.9,17.7,,,,7.2,,1017.3,
2020-06-21 00:00:00,19,11.1,25.1,,,,10.6,,1012,
2020-06-22 00:00:00,22.6,15,28.9,,,,7.6,,1004.5,
2020-06-23 00:00:00,20.1,15,25.3,,,,12.6,,1003.3,
2020-06-24 00:00:00,18.4,11.3,24.1,,,,10.7,,1012,
2020-06-25 00:00:00,21,15.7,26.4,,,,9.1,,1007.3,
2020-06-26 00:00:00,18.2,13.4,21.9,,,,10.3,,999.6,
2020-06-27 00:00:00,11,9.1,13.2,,,,13.7,,997.3,
2020-06-28 00:00:00,14.6,9,19.1,,,,15.6,,1005.5,
2020-06-29 00:00:00,17.9,14.7,21.5,,,,14.7,,1003.8,
2020-06-30 00:00:00,21.8,13.8,28.5,,,,8.9,,1005.4,
2020-07-01 00:00:00,22.2,17.1,26.5,,,,8.3,,1005.6,
2020-07-02 00:00:00,20.8,16,26.2,,,,11.4,,1003.3,
2020-07-03 00:00:00,17.6,15.7,20.3,,,,10.1,,1007.5,
2020-07-04 00:00:00,19.3,14.8,22.7,,,,10.3,,1010.6,
2020-07-05 00:00:00,19.5,13.5,24.2,,,,8.1,,1010.3,
2020-07-06 00:00:00,20.6,14.2,25.3,,,,4.2,,1009.4,
2020-07-07 00:00:00,21.8,15.8,26.1,,,,3.7,,1011.2,
2020-07-08 00:00:00,22.5,15.8,27.2,,,,6.6,,1014.3,
2020-07-09 00:00:00,24.1,16.4,29.6,,,,6.3,,1013.5,
2020-07-10 00:00:00,23.8,18.5,28.6,,,,7.1,,1008,
2020-07-11 00:00:00,22.6,14.9,28.1,,,,6.9,,1011.6,
2020-07-12 00:00:00,24.7,18.1,29.9,,,,6.9,,1011.7,
2020-07-13 00:00:00,23.5,16.5,28.3,,,,8.4,,1014.2,
2020-07-14 00:00:00,24.8,16.3,30.7,,,,6.3,,1016.1,
2020-07-15 00:00:00,25.5,19.2,30.4,,,,10.4,,1017.6,
2020-07-16 00:00:00,24.8,17.5,30.2,,,,10.3,,1015.4,
2020-07-17 00:00:00,26.8,19.1,32.6,,,,12.6,,1010.7,
2020-07-18 00:00:00,29,22.9,34.2,,,,12.4,,1007.4,
2020-07-19 00:00:00,27.3,21.5,32,,,,9.2,,1007.1,
2020-07-20 00:00:00,26.6,18.1,32.6,,,,7.9,,1003.9,
2020-07-21 00:00:00,22.3,18.8,24.9,,,,10,,1004.5,
2020-07-22 00:00:00,20.9,15,25.4,,,,9.2,,1009.1,
2020-07-23 00:00:00,21.5,16.2,25.3,,,,5.9,,1005.5,
2020-07-24 00:00:00,21.8,18.2,25.9,,,,6,,1001.9,
2020-07-25 00:00:00,18.8,16.1,20.1,,,,8.7,,1004.1,
2020-07-26 00:00:00,19.4,12.4,24.5,,,,4.6,,1012.3,
2020-07-27 00:00:00,19.8,15.7,23.7,,,,5.9,,1009,
2020-07-28 00:00:00,17.9,14.2,21.8,,,,8.9,,1006.2,
2020-07-29 00:00:00,17.7,12.9,21.6,,,,7.2,,1011.6,
2020-07-30 00:00:00,19.9,13.7,25.4,,,,4.3,,1014.8,
2020-07-31 00:00:00,23,15.9,28.8,,,,5.8,,1011.8,
2020-08-01 00:00:00,25.3,18.2,31.2,,,,3.8,,1013.2,
2020-08-02 00:00:00,26,18.8,31.6,,,,6.6,,1015,
2020-08-03 00:00:00,26.1,18.7,31.2,,,,9.3,,1012.5,
2020-08-04 00:00:00,24.5,18.1,29.4,,,,11,,1009.8,
2020-08-05 00:00:00,24.4,17.4,29.6,,,,11,,1010.9,
2020-08-06 00:00:00,25.1,17.7,30.9,,,,9.3,,1013.8,
2020-08-07 00:00:00,26,17.6,32.2,,,,5.9,,1011.8,
2020-08-08 00:00:00,25.5,20.8,29.5,,,,5.7,,1005,
2020-08-09 00:00:00,23.6,19.2,26.3,,,,10.5,,997.9,
2020-08-10 00:00:00,22.8,17.6,28.5,,,,8.9,,996.3,
2020-08-11 00:00:00,17.5,15.3,19.1,,,,9.6,,996.7,
2020-08-12 00:00:00,17.5,13.8,21.5,,,,9.6,,998.8,
2020-08-13 00:00:00,16.3,13.4,19.2,,,,9.5,,1004.7,
2020-08-14 00:00:00,16.4,12.1,20.3,,,,4,,1010,
2020-08-15 00:00:00,19.1,12.8,24.6,,,,3.3,,1010.9,
2020-08-16 00:00:00,20.3,15.7,26.1,,,,6.4,,1004.8,
2020-08-17 00:00:00,18.4,13.2,23.3,,,,7.9,,1002,
2020-08-18 00:00:00,16.2,12.8,19,,,,10.3,,1000.5,
2020-08-19 00:00:00,14.5,11.7,17.2,,,,11.2,,1001.3,
2020-08-20 00:00:00,14.4,9.8,19,,,,11.8,,1004.5,
2020-08-21 00:00:00,14,11.4,17.3,,,,9,,1005.2,
2020-08-22 00:00:00,15.3,11.4,19.3,,,,6.5,,1006.8,
2020-08-23 00:00:00,15.8,10,21.5,,,,5.1,,1006.6,
2020-08-24 00:00:00,16.1,9.9,21.3,,,,5.8,,1005.8,
2020-08-25 00:00:00,15.9,10.3,20.8,,,,7.7,,1010.1,
2020-08-26 00:00:00,18.3,11,25.4,,,,6.9,,1013.8,
2020-08-27 00:00:00,18.4,12.6,23.6,,,,6.7,,1014.4,
2020-08-28 00:00:00,18.5,10.8,25.4,,,,2.6,,1019.5,
2020-08-29 00:00:00,20.9,12.6,28.2,,,,3.4,,1020,
2020-08-30 00:00:00,22.8,14.4,29.5,,,,4.3,,1019.2,
2020-08-31 00:00:00,23.4,14.8,30.8,,,,2.8,,1018.3,
2020-09-01 00:00:00,23.4,15.1,31,,,,4,,1015.5,
2020-09-02 00:00:00,24.4,16.3,31.9,,,,6.2,,1012.4,
2020-09-03 00:00:00,15.4,10.4,21.8,,,,11.7,,1011.6,
2020-09-04 00:00:00,10.2,6.2,13.3,,,,9.3,,1021,
2020-09-05 00:00:00,9,5.4,11.8,,,,4.3,,1021.6,
2020-09-06 00:00:00,9.3,5.2,13,,,,5.2,,1018.2,
2020-09-07 00:00:00,10.1,6.4,14.9,,,,10.1,,1016.9,
2020-09-08 00:00:00,8.7,3,13.3,,,,5.2,,1022.6,
2020-09-09 00:00:00,10.8,4.6,16.1,,,,3.4,,1025.8,
2020-09-10 00:00:00,12.5,4.5,19.3,,,,3.2,,1025.1,
2020-09-11 00:00:00,15.5,8.8,21.7,,,,6.1,,1022.5,
2020-09-12 00:00:00,17.2,11.7,23.6,,,,5.4,,1018.5,
2020-09-13 00:00:00,18.3,10,26.1,,,,3.2,,1018.4,
2020-09-14 00:00:00,19.1,12.5,25.6,,,,2.4,,1015.4,
2020-09-15 00:00:00,17.4,10.6,22.9,,,,12.3,,1004.5,
2020-09-16 00:00:00,11.3,7.9,14.7,,,,17.4,,1000,
2020-09-17 00:00:00,9.2,7.4,10.9,,,,16.9,,999.5,
2020-09-18 00:00:00,10.6,6.8,14.9,,,,10,,1016.3,
2020-09-19 00:00:00,14.5,8.9,20.5,,,,8.5,,1022.2,
2020-09-20 00:00:00,16.5,10.9,21.9,,,,13.4,,1013,
2020-09-21 00:00:00,10.2,6.5,14.1,,,,11.7,,1008.2,
2020-09-22 00:00:00,6.9,4.8,9.8,,,,11.1,,1013.7,
2020-09-23 00:00:00,7.4,5.3,9.9,,,,16.9,,1006.3,
2020-09-24 00:00:00,6,4.2,8.2,,,,16.4,,1009.7,
2020-09-25 00:00:00,6.1,2.4,10.1,,,,8.8,,1025.4,
2020-09-26 00:00:00,7.3,3.4,11.7,,,,7.5,,1031,
2020-09-27 00:00:00,7.2,2.5,11.9,,,,5.5,,1033.2,
2020-09-28 00:00:00,8.1,1.4,15,,,,2.8,,1031.5,
2020-09-29 00:00:00,10.1,5.5,16.2,,,,7.5,,1031.9,
2020-09-30 00:00:00,6.8,1.6,12.9,,,,3.8,,1034.1,
2020-10-01 00:00:00,7.7,1.8,13.7,,,,2.5,,1033.2,
2020-10-02 00:00:00,9.4,2.9,15.2,,,,3.1,,1030.7,
2020-10-03 00:00:00,10.5,3.8,17,,,,2.6,,1025.1,
2020-10-04 00:00:00,6.4,1.3,9.8,,,,7.6,,1023.1,
2020-10-05 00:00:00,0.4,-2.3,3.4,,,,10,,1030.1,
2020-10-06 00:00:00,1.4,-4,7.6,,,,8.1,,1028.8,
2020-10-07 00:00:00,2.3,0.4,4.4,,,,8.3,,1024.4,
2020-10-08 00:00:00,0.8,-1.2,3.5,,,,10.3,,1034.4,
2020-10-09 00:00:00,1.2,-2.7,4.7,,,,5.6,,1040.4,
2020-10-10 00:00:00,5.1,2,8.1,,,,8,,1033,
2020-10-11 00:00:00,7.4,4.9,10.7,,,,6.8,,1028.6,
2020-10-12 00:00:00,8,3.1,13.2,,,,4.3,,1029.3,
2020-10-13 00:00:00,9,4.1,15.3,,,,3.7,,1031,
2020-10-14 00:00:00,9.2,3.1,16.7,,,,4.6,,1029.9,
2020-10-15 00:00:00,9.9,4.3,17,,,,7,,1026.7,
2020-10-16 00:00:00,10.5,3.3,18.6,,,,6.2,,1025.4,
2020-10-17 00:00:00,12.3,6.8,18.9,,,,12.4,,1017.3,
2020-10-18 00:00:00,6.6,0.9,11.2,,,,7.6,,1024.7,
2020-10-19 00:00:00,4.8,-2,12.5,,,,8,,1031.1,
2020-10-20 00:00:00,9.2,4.5,15.2,,,,6.8,,1020.2,
2020-10-21 00:00:00,8.8,4.7,14.5,,,,9.5,,1008.9,
2020-10-22 00:00:00,2.7,-0.4,5.7,,,,13.1,,1012,
2020-10-23 00:00:00,-1.8,-3.8,-0.2,,,,9.1,,1019.6,
2020-10-24 00:00:00,-2.5,-7.9,1.9,,,,9.3,,1028.6,
2020-10-25 00:00:00,3,0.7,5,,,,19.3,,1021.2,
2020-10-26 00:00:00,6.7,5.1,7.7,,,,22.4,,1010.3,
2020-10-27 00:00:00,2,-0.9,6.9,,,,15.8,,1002.4,
2020-10-28 00:00:00,-1.8,-2.8,-1,,,,11.1,,1024.3,
2020-10-29 00:00:00,0.3,-2.3,3.9,,,,9.9,,1034,
2020-10-30 00:00:00,1.3,-2.3,6,,,,5.9,,1035.4,
2020-10-31 00:00:00,0.6,-3.9,7.5,,,,2.4,,1035.4,
2020-11-01 00:00:00,2.1,-2.4,8.9,,,,4.1,,1029.3,
2020-11-02 00:00:00,0.8,-1.8,3,,,,5.8,,1030.3,
2020-11-03 00:00:00,-1.9,-3.2,-0.2,,,,4.3,,1033.3,
2020-11-04 00:00:00,-1.7,-4.2,1.8,,,,5.3,,1038.1,
2020-11-05 00:00:00,0.7,-3.3,6.4,,,,8.6,,1031.9,
2020-11-06 00:00:00,3.2,-0.7,8.8,,,,7.4,,1026.2,
2020-11-07 00:00:00,4.6,1.3,9.5,,,,13,,1017,
2020-11-08 00:00:00,4.7,1.8,7.3,,,,16.8,,1006.8,
2020-11-09 00:00:00,1.4,0.7,2.2,,,,21.4,,1010.7,
2020-11-10 00:00:00,0.2,-1.9,2.1,,,,13.1,,1015.6,
2020-11-11 00:00:00,-1.1,-4.9,1.3,,,,13.4,,1011.9,
2020-11-12 00:00:00,-4.3,-5,-3.5,,,,7.1,,1017.4,
2020-11-13 00:00:00,-5,-5.8,-3.7,,,,13.6,,1024.8,
2020-11-14 00:00:00,-5.5,-7.2,-3.6,,,,11.7,,1020.9,
2020-11-15 00:00:00,-7,-9.3,-5.3,,,,5.8,,1019.8,
2020-11-16 00:00:00,-9.8,-12,-7.2,,,,6.5,,1029.8,
2020-11-17 00:00:00,-16.1,-17.9,-12.6,,,,3.9,,1043,
2020-11-18 00:00:00,-16.8,-20.6,-13.6,,,,4.1,,1042.8,
2020-11-19 00:00:00,-12.4,-15.2,-10.1,,,,6.5,,1043.9,
2020-11-20 00:00:00,-12.1,-14.9,-9.2,,,,6.9,,1046.8,
2020-11-21 00:00:00,-14.8,-17.6,-9.6,,,,3.7,,1045.2,
2020-11-22 00:00:00,-12.6,-18.1,-7.9,,,,4.1,,1039.1,
2020-11-23 00:00:00,-9.2,-10.9,-6.3,,,,5.8,,1037.6,
2020-11-24 00:00:00,-7.4,-9.2,-4.6,,,,2.7,,1037.8,
2020-11-25 00:00:00,-10.4,-13.2,-7.5,,,,2.9,,1037.7,
2020-11-26 00:00:00,-12.3,-14.9,-7.7,,,,3.4,,1036.2,
2020-11-27 00:00:00,-9.8,-13,-5.8,,,,3.4,,1031.8,
2020-11-28 00:00:00,-8.7,-13.1,-4.9,,,,15,,1028.1,
2020-11-29 00:00:00,-12.8,-15.1,-10.7,,,,10.9,,1042.3,
2020-11-30 00:00:00,-16.5,-19,-13.3,,,,5,,1051.9,
2020-12-01 00:00:00,-18.3,-20.6,-14.7,,,,8.3,,1052.2,
2020-12-02 00:00:00,-14.9,-19.5,-10.4,,,,10.5,,1045.1,
2020-12-03 00:00:00,-17.3,-20,-13.9,,,,8.8,,1036.7,
2020-12-04 00:00:00,-21.1,-24.9,-17.6,,,,10.1,,1035.5,
2020-12-05 00:00:00,-18.1,-21.3,-15,,,,11.1,,1040.2,
2020-12-06 00:00:00,-19.5,-22.2,-14.9,,,,5.5,,1043.9,
2020-12-07 00:00:00,-20.1,-23.9,-14.6,,,,2,,1041.1,
2020-12-08 00:00:00,-16.7,-21.1,-12.7,,,,7.7,,1037.3,
2020-12-09 00:00:00,-10.3,-12.4,-8.7,,,,5.8,,1034.3,
2020-12-10 00:00:00,-9.7,-11.1,-8.5,,,,4.1,,1036.9,
2020-12-11 00:00:00,-7.6,-9.9,-5.8,,,,2.5,,1043.4,
2020-12-12 00:00:00,-10.7,-15.7,-9,,,,5.4,,1042.8,
2020-12-13 00:00:00,-15.2,-17.6,-11.7,,,,7.1,,1040.8,
2020-12-14 00:00:00,-13.5,-15.9,-10.2,,,,6.4,,1038.6,
2020-12-15 00:00:00,-16.5,-17.9,-14.2,,,,5.3,,1041.8,
2020-12-16 00:00:00,-16.4,-17.9,-13.6,,,,5.8,,1044,
2020-12-17 00:00:00,-15.3,-17.9,-12.1,,,,9.6,,1040,
2020-12-18 00:00:00,-12.3,-14.4,-9.3,,,,14.8,,1030.3,
2020-12-19 00:00:00,-11,-12.7,-8.8,,,,11.4,,1021.1,
2020-12-20 00:00:00,-15.6,-22,-9.8,,,,9.7,,1026.1,
2020-12-21 00:00:00,-21.6,-25.2,-18.9,,,,9.2,,1042.7,
2020-12-22 00:00:00,-17.8,-19.9,-15.3,,,,10.4,,1037.2,
2020-12-23 00:00:00,-13.5,-15.7,-12.1,,,,10.7,,1031.6,
2020-12-24 00:00:00,-12.6,-13.6,-11.7,,,,8.7,,1027.7,
2020-12-25 00:00:00,-12.3,-16.9,-9.4,,,,5.4,,1031.6,
2020-12-26 00:00:00,-20.6,-23.2,-17.4,,,,6.8,,1040,
2020-12-27 00:00:00,-19.9,-24.1,-14.4,,,,3.8,,1045.9,
2020-12-28 00:00:00,-14.4,-18.6,-11.4,,,,12.5,,1041.4,
2020-12-29 00:00:00,-11.6,-12.7,-10.3,,,,9.4,,1034,
2020-12-30 00:00:00,-16.4,-25.4,-12.6,,,,6.1,,1037.7,
2020-12-31 00:00:00,-21.6,-25.9,-17.8,,,,3.3,,1043.6,
2021-01-01 00:00:00,-21.2,-28.2,-18.7,,,,3.2,,1045,
2021-01-02 00:00:00,-27.1,-32.1,-22.4,,,,4,,1052.6,
2021-01-03 00:00:00,-28.3,-30.7,-24.6,,,,5.4,,1058,
2021-01-04 00:00:00,-21.5,-28.6,-16.9,,,,5.9,,1056.1,
2021-01-05 00:00:00,-17.2,-20.1,-14.3,,,,9.4,,1050.3,
2021-01-06 00:00:00,-25.3,-29.3,-21,,,,12.2,,1048.9,
2021-01-07 00:00:00,-29.6,-31.7,-26,,,,8.4,,1048.5,
2021-01-08 00:00:00,-29.5,-32.1,-24.1,,,,3.1,,1049.2,
2021-01-09 00:00:00,-23.4,-29.8,-17.2,,,,11.7,,1045.7,
2021-01-10 00:00:00,-12.3,-16.5,-10.3,,,,16.2,,1031.2,
2021-01-11 00:00:00,-8.9,-10,-6.4,,,,11.3,,1018.2,
2021-01-12 00:00:00,-11.9,-23.7,-6.1,,,,14.3,,1009.5,
2021-01-13 00:00:00,-22.6,-24.9,-19.6,,,,4.4,,1033.7,
2021-01-14 00:00:00,-23.8,-29.6,-19.1,,,,2,,1046.5,
2021-01-15 00:00:00,-16.8,-20.5,-13,,,,6.6,,1041.2,
2021-01-16 00:00:00,-8.6,-12.8,-5.3,,,,12.2,,1022.2,
2021-01-17 00:00:00,-8.5,-10.6,-6.4,,,,11.1,,1019.2,
2021-01-18 00:00:00,-10.6,-14.6,-7.9,,,,6,,1017.9,
2021-01-19 00:00:00,-15,-17.3,-10.4,,,,10,,1021,
2021-01-20 00:00:00,-10.6,-15.7,-6,,,,11.3,,1017.7,
2021-01-21 00:00:00,-14.1,-18.4,-11.9,,,,5.1,,1019.8,
2021-01-22 00:00:00,-22.3,-25.7,-19.2,,,,7.1,,1022.8,
2021-01-23 00:00:00,-17.9,-22.6,-15.4,,,,8,,1031.9,
2021-01-24 00:00:00,-23,-25.7,-20,,,,2.9,,1043.3,
2021-01-25 00:00:00,-15.3,-23.1,-11.4,,,,11.1,,1038.2,
2021-01-26 00:00:00,-7.2,-11.2,-5.6,,,,8.2,,1036.4,
2021-01-27 00:00:00,-7.4,-8.7,-6,,,,9.7,,1036.5,
2021-01-28 00:00:00,-9.3,-11,-6.6,,,,7.2,,1039.1,
2021-01-29 00:00:00,-8.4,-10.3,-4.4,,,,6.8,,1037,
2021-01-30 00:00:00,-6.4,-10.6,-1.5,,,,5,,1030.3,
2021-01-31 00:00:00,-5.1,-7.7,-1,,,,4.6,,1021.7,
2021-02-01 00:00:00,-11.3,-16.2,-7.1,,,,2.5,,1023.1,
2021-02-02 00:00:00,-13.8,-17.7,-9.5,,,,6.8,,1031.8,
2021-02-03 00:00:00,-3.6,-8.8,-1.6,,,,13.7,,1026.1,
2021-02-04 00:00:00,-3.4,-5.5,-2,,,,7.7,,1023,
2021-02-05 00:00:00,-2.3,-3.8,-0.9,,,,8.6,,1019.5,
2021-02-06 00:00:00,-0.8,-3.2,1.2,,,,13.1,,1011.5,
2021-02-07 00:00:00,-6.3,-9.2,0.5,,,,22.6,,1009.5,
2021-02-08 00:00:00,-9.7,-21.7,-3.4,,,,17.8,,1006.3,
2021-02-09 00:00:00,-20.9,-23.3,-18.4,,,,17.2,,1018.7,
2021-02-10 00:00:00,-25.1,-27.6,-22.7,,,,8,,1031.5,
2021-02-11 00:00:00,-20.4,-25.4,-16.2,,,,2.8,,1036.3,
2021-02-12 00:00:00,-14.1,-18.7,-10.3,,,,3.5,,1033.4,
2021-02-13 00:00:00,-5.4,-10.4,-2.5,,,,5.7,,1031.7,
2021-02-14 00:00:00,-2.6,-4.5,-0.4,,,,9.1,,1029.6,
2021-02-15 00:00:00,-3.6,-5.2,-1.8,,,,9.4,,1024.3,
2021-02-16 00:00:00,-3.4,-7.1,-1.4,,,,8.1,,1019.6,
2021-02-17 00:00:00,-12.1,-14.7,-7.6,,,,7.9,,1026.5,
2021-02-18 00:00:00,-7.5,-14.6,3.3,,,,15.4,,1013,
2021-02-19 00:00:00,-13.3,-22,0.3,,,,12.6,,1015.1,
2021-02-20 00:00:00,-19.2,-23.4,-13.4,,,,8.9,,1031.6,
2021-02-21 00:00:00,-16.6,-19.3,-13.4,,,,10.3,,1028.6,
2021-02-22 00:00:00,-20.2,-22.3,-17.1,,,,4.7,,1029.6,
2021-02-23 00:00:00,-10.4,-19.6,-1.5,,,,13.7,,1014.6,
2021-02-24 00:00:00,-15.7,-22.4,-2.9,,,,19.2,,1008.8,
2021-02-25 00:00:00,-23.9,-26.9,-22.1,,,,19.4,,1022.5,
2021-02-26 00:00:00,-25.9,-29.1,-21.4,,,,10,,1037.5,
2021-02-27 00:00:00,-21,-26.8,-14.9,,,,9.9,,1033.8,
2021-02-28 00:00:00,-6.2,-14.4,-0.1,,,,18.8,,1015.4,
2021-03-01 00:00:00,-1.9,-8.1,0.7,,,,14.4,,1012.2,
2021-03-02 00:00:00,-8.2,-11.6,-5.3,,,,8,,1017.8,
2021-03-03 00:00:00,-10.5,-15.5,-4.5,,,,16,,1020.4,
2021-03-04 00:00:00,-3,-5,-1.3,,,,24,,1013,
2021-03-05 00:00:00,-5.9,-8.3,-3.3,,,,23,,1019.7,
2021-03-06 00:00:00,-4.4,-6.9,-2.3,,,,20.2,,1017.8,
2021-03-07 00:00:00,-1.8,-3.8,0.2,,,,13.3,,1016.6,
2021-03-08 00:00:00,-5.4,-11.7,-2.1,,,,16.2,,1015.3,
2021-03-09 00:00:00,-10.6,-14.8,-5.3,,,,10,,1024.8,
2021-03-10 00:00:00,-6.1,-9.5,-3,,,,14.4,,1009.2,
2021-03-11 00:00:00,-8.9,-14.1,-6.6,,,,20.6,,1015,
2021-03-12 00:00:00,-16.9,-21.4,-13.8,,,,12.6,,1020.6,
2021-03-13 00:00:00,-20.7,-24.9,-15.9,,,,7.1,,1034.1,
2021-03-14 00:00:00,-17.9,-22.9,-11.4,,,,2.8,,1035.4,
2021-03-15 00:00:00,-16.4,-21.5,-10.3,,,,4.5,,1037.1,
2021-03-16 00:00:00,-15.3,-20.7,-9.3,,,,5.7,,1040.1,
2021-03-17 00:00:00,-12.1,-15.5,-7.6,,,,8,,1038.3,
2021-03-18 00:00:00,-9.5,-15.1,-3.8,,,,6.8,,1038.5,
2021-03-19 00:00:00,-2,-7.7,3.6,,,,12.4,,1023.5,
2021-03-20 00:00:00,0.6,-0.7,2.9,,,,16.7,,1008.4,
2021-03-21 00:00:00,-0.4,-1.2,0.6,,,,14.8,,1012.2,
2021-03-22 00:00:00,-2.1,-3.9,-0.9,,,,10.1,,1016.4,
2021-03-23 00:00:00,-5.3,-6.5,-4,,,,15.3,,1012.1,
2021-03-24 00:00:00,-6.9,-9.4,-4.4,,,,10.4,,1024.7,
2021-03-25 00:00:00,-4.5,-7.8,-0.4,,,,4.3,,1017.1,
2021-03-26 00:00:00,-3.8,-9.9,1.3,,,,5.9,,1016.9,
2021-03-27 00:00:00,-0.5,-3.3,1.5,,,,8.9,,1010.3,
2021-03-28 00:00:00,-0.1,-3.5,1.9,,,,8.2,,1007.8,
2021-03-29 00:00:00,-4.7,-8.2,-1.6,,,,13.7,,1021,
2021-03-30 00:00:00,-4.9,-7.9,-1.9,,,,3.6,,1030.8,
2021-03-31 00:00:00,-5.8,-9.6,-1.5,,,,3,,1034.6,
2021-04-01 00:00:00,-5.8,-11.5,-0.8,,,,4,,1034.6,
2021-04-02 00:00:00,-2.6,-6.5,1.5,,,,9.8,,1032.7,
2021-04-03 00:00:00,0.5,-4.9,5,,,,6.9,,1027.7,
2021-04-04 00:00:00,4.9,1.8,8.2,,,,8.3,,1013.9,
2021-04-05 00:00:00,3.4,1.4,6.2,,,,11.9,,1010.7,
2021-04-06 00:00:00,1.7,-0.9,3.9,,,,7.2,,1024.5,
2021-04-07 00:00:00,5.8,1.7,10.1,,,,5.4,,1026,
2021-04-08 00:00:00,8.5,4.6,13.2,,,,7.2,,1024.1,
2021-04-09 00:00:00,5.8,2.2,7.9,,,,5.8,,1024,
2021-04-10 00:00:00,2.8,0.5,6.7,,,,15.2,,1030.4,
2021-04-11 00:00:00,4,-2.1,9.2,,,,11.7,,1037.8,
2021-04-12 00:00:00,6.7,-0.7,13.5,,,,7.6,,1034.7,
2021-04-13 00:00:00,6.5,1.8,11.3,,,,10.1,,1036.4,
2021-04-14 00:00:00,8.4,1.4,15.1,,,,3.3,,1035.3,
2021-04-15 00:00:00,10.8,1.4,18.3,,,,2.1,,1027,
2021-04-16 00:00:00,13.1,4.9,20.7,,,,4.8,,1018.9,
2021-04-17 00:00:00,8.8,3.1,13.8,,,,8.6,,1021.9,
2021-04-18 00:00:00,11.8,5.4,19.3,,,,7.6,,1015.2,
2021-04-19 00:00:00,-1.1,-4.1,4.5,,,,16.7,,1024.9,
2021-04-20 00:00:00,-3,-8.2,1.1,,,,11.9,,1029.7,
2021-04-21 00:00:00,2,-6.3,9.3,,,,7.8,,1029.6,
2021-04-22 00:00:00,2.3,-2.6,6.2,,,,7.8,,1039.7,
2021-04-23 00:00:00,4,-1.7,8.7,,,,5.7,,1042,
2021-04-24 00:00:00,6.8,0.4,11.7,,,,8.1,,1032.8,
2021-04-25 00:00:00,10.7,5.4,15.9,,,,11,,1022.2,
2021-04-26 00:00:00,12,6.3,17.4,,,,8.4,,1022.7,
2021-04-27 00:00:00,16.8,11.4,22.1,,,,10.7,,1016.2,
2021-04-28 00:00:00,18.4,14.8,21.7,,,,10,,1011.6,
2021-04-29 00:00:00,13.3,8.2,16.9,,,,6.1,,1012.4,
2021-04-30 00:00:00,10.4,3.7,15.4,,,,6.8,,1018,
2021-05-01 00:00:00,9.1,3.6,13.8,,,,7,,1027.7,
2021-05-02 00:00:00,12.4,4.4,19.1,,,,6.5,,1028.9,
2021-05-03 00:00:00,14.5,5.4,21.8,,,,7,,1022.2,
2021-05-04 00:00:00,14.7,6.2,21.4,,,,7.2,,1022,
2021-05-05 00:00:00,18.8,11.7,24.9,,,,6.1,,1010.8,
2021-05-06 00:00:00,19.8,13.8,25.3,,,,7.2,,1006,
2021-05-07 00:00:00,15.1,8.7,20.5,,,,7.8,,1018,
2021-05-08 00:00:00,16.1,10.6,20.3,,,,7.2,,1016.8,
2021-05-09 00:00:00,16.8,14,20,,,,6.1,,1008.9,
2021-05-10 00:00:00,12.8,10.7,14.8,,,,12,,1009.9,
2021-05-11 00:00:00,13,6.1,18.8,,,,13.3,,1021.5,
2021-05-12 00:00:00,15.3,5,22.9,,,,6.5,,1024.6,
2021-05-13 00:00:00,16.1,9.8,20.9,,,,8.6,,1022.4,
2021-05-14 00:00:00,16.7,11,21.9,,,,8.1,,1025,
2021-05-15 00:00:00,18.9,10.4,26,,,,4.1,,1025.8,
2021-05-16 00:00:00,21.4,13.3,28.6,,,,5.9,,1020,
2021-05-17 00:00:00,24.1,14.5,31.4,,,,4.7,,1017.9,
2021-05-18 00:00:00,24.4,18.1,29.9,,,,5.9,,1013.2,
2021-05-19 00:00:00,17.5,11.6,19.9,,,,11.2,,1011.9,
2021-05-20 00:00:00,14.8,7.2,20.5,,,,7.3,,1020.9,
2021-05-21 00:00:00,18.7,11,25.4,,,,6.5,,1022,
2021-05-22 00:00:00,22.2,13.1,29.7,,,,3.4,,1023,
2021-05-23 00:00:00,24.6,15.4,31.6,,,,2.3,,1021.6,
2021-05-24 00:00:00,26.7,16.7,34.4,,,,3.1,,1019.6,
2021-05-25 00:00:00,28.3,19.3,35.3,,,,2.8,,1016.5,
2021-05-26 00:00:00,28,21.2,34,,,,4.4,,1009.8,
2021-05-27 00:00:00,21.2,15.1,25.4,,,,12.7,,1010.4,
2021-05-28 00:00:00,17.3,9.6,23.5,,,,8,,1020.2,
2021-05-29 00:00:00,20.8,11.9,27.3,,,,8.3,,1017.1,
2021-05-30 00:00:00,24.2,16,29.7,,,,9,,1011.6,
2021-05-31 00:00:00,26.1,20.9,30.7,,,,8.3,,1005.8,
2021-06-01 00:00:00,23.9,19.5,28.6,,,,8.7,,1005.5,
2021-06-02 00:00:00,20.6,12.9,26.3,,,,13.6,,1008.7,
2021-06-03 00:00:00,19.3,15.4,23.4,,,,11.2,,1008.5,
2021-06-04 00:00:00,14.4,7.3,18.7,,,,10.3,,1012.9,
2021-06-05 00:00:00,12.1,3.6,18.5,,,,6.7,,1023.7,
2021-06-06 00:00:00,17.2,8.7,23.3,,,,4.2,,1019.8,
2021-06-07 00:00:00,20.6,12.3,26.6,,,,4.4,,1010.9,
2021-06-08 00:00:00,22.2,14.3,28,,,,6.8,,1005.3,
2021-06-09 00:00:00,19.4,14.2,23.6,,,,12.4,,1009.8,
2021-06-10 00:00:00,19.2,13.7,23.7,,,,11.8,,1010.7,
2021-06-11 00:00:00,17.3,12.4,20.9,,,,10.4,,1015.7,
2021-06-12 00:00:00,16.6,9.7,21.2,,,,7.3,,1020.7,
2021-06-13 00:00:00,17.5,10.3,22.6,,,,5.9,,1022.2,
2021-06-14 00:00:00,22.5,14,28.7,,,,8,,1020.6,
2021-06-15 00:00:00,24.1,16.4,29.6,,,,4.1,,1018.1,
2021-06-16 00:00:00,25.1,17.1,31.2,,,,4.6,,1014.6,
2021-06-17 00:00:00,26.7,18.4,32.8,,,,4.2,,1011.2,
2021-06-18 00:00:00,24.7,14,31.5,,,,12.8,,1004.2,
2021-06-19 00:00:00,13.5,9,16.7,,,,14,,1012.8,
2021-06-20 00:00:00,14,10.2,16.9,,,,9.1,,1009.6,
2021-06-21 00:00:00,12.1,9.6,13.9,,,,12.3,,1008.8,
2021-06-22 00:00:00,14.1,9.1,18.4,,,,7.7,,1016.9,
2021-06-23 00:00:00,14.1,10.6,15.8,,,,9.7,,1011,
2021-06-24 00:00:00,13.3,7.6,17.6,,,,9.1,,1013.6,
2021-06-25 00:00:00,14.9,10.3,18.9,,,,5.5,,1013.1,
2021-06-26 00:00:00,18.1,12,23.4,,,,4.6,,1012.8,
2021-06-27 00:00:00,21.5,14.3,27.7,,,,9.2,,1011.4,
2021-06-28 00:00:00,24.5,17.6,30.5,,,,6.8,,1008.9,
2021-06-29 00:00:00,23.7,16.6,29.1,,,,9.1,,1013.2,
2021-06-30 00:00:00,26,17.6,32.4,,,,6.1,,1013,
2021-07-01 00:00:00,28.8,19.8,35.5,,,,6.8,,1009.8,
2021-07-02 00:00:00,31,23.5,36.9,,,,6.8,,1006.5,
2021-07-03 00:00:00,31,24.3,36.7,,,,6.3,,1003.5,
2021-07-04 00:00:00,31.2,24.5,37.6,,,,6.1,,1000.2,
2021-07-05 00:00:00,29.1,21,35.1,,,,4.7,,1001.3,
2021-07-06 00:00:00,22.6,16.9,25.6,,,,12.3,,1004.1,
2021-07-07 00:00:00,19.3,13.6,24.4,,,,12,,1012.6,
2021-07-08 00:00:00,19.7,15.3,22.8,,,,14.4,,1010.7,
2021-07-09 00:00:00,20.9,17.7,25.2,,,,16.5,,1001.8,
2021-07-10 00:00:00,18.1,15.4,19.9,,,,12.1,,999.8,
2021-07-11 00:00:00,21.8,14.4,27.3,,,,4.9,,1002.9,
2021-07-12 00:00:00,21.4,15.3,25.6,,,,10,,1001,
2021-07-13 00:00:00,14.9,12.4,16.8,,,,10.5,,998.7,
2021-07-14 00:00:00,11.7,10.3,13.1,,,,11.4,,1001.4,
2021-07-15 00:00:00,12.4,8.3,16.6,,,,9.7,,1008.9,
2021-07-16 00:00:00,14.3,11,18.5,,,,9.3,,1009.7,
2021-07-17 00:00:00,21.1,14.4,27.2,,,,6.8,,1009.4,
2021-07-18 00:00:00,20.8,16.3,24.6,,,,5.8,,1007.3,
2021-07-19 00:00:00,21.4,14.6,26.7,,,,4.4,,1007.4,
2021-07-20 00:00:00,21.8,17,25.5,,,,8.3,,1004.2,
2021-07-21 00:00:00,22.7,15.4,28,,,,8.1,,1006.9,
2021-07-22 00:00:00,23.9,16.3,29.4,,,,5.5,,1006.7,
2021-07-23 00:00:00,25.5,17.6,31.6,,,,3.2,,1005,
2021-07-24 00:00:00,27.7,19,34.5,,,,4.1,,1004.8,
2021-07-25 00:00:00,26.6,20.3,31.1,,,,8.3,,1004.9,
2021-07-26 00:00:00,20.4,15.4,25,,,,10.8,,1012.2,
2021-07-27 00:00:00,17.7,12.5,22.1,,,,6.4,,1014,
2021-07-28 00:00:00,19.4,11.3,25.5,,,,3.7,,1010.8,
2021-07-29 00:00:00,19.1,14.9,22.6,,,,5.9,,1009.1,
2021-07-30 00:00:00,20.1,12.1,26.6,,,,4.5,,1013.9,
2021-07-31 00:00:00,23,15.4,29.7,,,,6.9,,1012.1,
2021-08-01 00:00:00,25.6,17.9,32.2,,,,3.2,,1010,
2021-08-02 00:00:00,26.3,19.1,32.3,,,,6.2,,1009.1,
2021-08-03 00:00:00,24.3,17.6,29.6,,,,6.4,,1011.8,
2021-08-04 00:00:00,23.2,16.2,28.9,,,,6.9,,1011.4,
2021-08-05 00:00:00,22.8,15.1,28.5,,,,4.8,,1011.6,
2021-08-06 00:00:00,25.3,17.6,31.8,,,,3.4,,1009.4,
2021-08-07 00:00:00,25,19.7,30.8,,,,5.1,,1007.4,
2021-08-08 00:00:00,20.6,15.5,25.2,,,,7.4,,1008.6,
2021-08-09 00:00:00,18.8,13.4,23.2,,,,7.3,,1008.5,
2021-08-10 00:00:00,19.7,16,24.2,,,,8,,1010.8,
2021-08-11 00:00:00,16.6,11.6,21,,,,6.9,,1011.4,
2021-08-12 00:00:00,15,12.3,17.9,,,,9.5,,1013.1,
2021-08-13 00:00:00,14.4,10.8,18.2,,,,12.8,,1017.4,
2021-08-14 00:00:00,15.8,10.4,20.5,,,,7.7,,1018.2,
2021-08-15 00:00:00,18.1,10.4,23.8,,,,3.7,,1018,
2021-08-16 00:00:00,22,14.8,28.8,,,,3.5,,1018.1,
2021-08-17 00:00:00,22.7,16.1,28.5,,,,3,,1017.8,
2021-08-18 00:00:00,23.8,16.2,30.4,,,,3,,1016.1,
2021-08-19 00:00:00,23,16.8,28.3,,,,7.4,,1016.1,
2021-08-20 00:00:00,23.2,16.4,29.3,,,,3.8,,1018.7,
2021-08-21 00:00:00,24.1,16.5,30.6,,,,6.2,,1021,
2021-08-22 00:00:00,23.9,16.8,29.9,,,,7.4,,1021.5,
2021-08-23 00:00:00,23.2,16,29.2,,,,9.2,,1020.6,
2021-08-24 00:00:00,24.5,16.9,31.4,,,,9.8,,1018.7,
2021-08-25 00:00:00,24.3,18.1,29.7,,,,9,,1014.6,
2021-08-26 00:00:00,23.9,16.6,30.4,,,,7.7,,1010.8,
2021-08-27 00:00:00,23.8,15.3,31.1,,,,7.4,,1008.9,
2021-08-28 00:00:00,23,16.3,29.4,,,,7.3,,1008.7,
2021-08-29 00:00:00,17.7,11.8,22,,,,10.7,,1007.3,
2021-08-30 00:00:00,13.1,8.8,17.8,,,,10.3,,1013.1,
2021-08-31 00:00:00,14.3,7.4,19.9,,,,6.9,,1014.4,
2021-09-01 00:00:00,12.9,8.7,16.4,,,,5.2,,1018.6,
2021-09-02 00:00:00,15.5,8.9,21.3,,,,5.5,,1019.8,
2021-09-03 00:00:00,19.2,11.5,26.5,,,,5.7,,1016.1,
2021-09-04 00:00:00,21.9,14.1,29.4,,,,6.8,,1012.7,
2021-09-05 00:00:00,21.5,15.7,27.8,,,,7.5,,1011.9,
2021-09-06 00:00:00,18.3,10.2,25.4,,,,7.1,,1019.4,
2021-09-07 00:00:00,18.7,12.4,25.3,,,,6.6,,1015.8,
2021-09-08 00:00:00,12.6,7.2,15.3,,,,5.5,,1013.6,
2021-09-09 00:00:00,11.5,4.2,17.5,,,,7.5,,1018.3,
2021-09-10 00:00:00,11.8,8.8,15,,,,12.7,,1010.5,
2021-09-11 00:00:00,11,6.9,12.9,,,,8.5,,1006.2,
2021-09-12 00:00:00,8.2,3.5,12.5,,,,10.5,,1014.1,
2021-09-13 00:00:00,10.3,4.4,15.9,,,,6.9,,1018.5,
2021-09-14 00:00:00,13.4,6.4,20.3,,,,6,,1019.2,
2021-09-15 00:00:00,15.5,9.1,21.9,,,,4.6,,1015.1,
2021-09-16 00:00:00,17.9,10,25.4,,,,9.1,,1007.9,
2021-09-17 00:00:00,11.8,6.5,16.5,,,,7.9,,1004.5,
2021-09-18 00:00:00,9.1,3.3,13.9,,,,6.4,,1010.7,
2021-09-19 00:00:00,6.4,3.5,9.4,,,,11.4,,1012.8,
2021-09-20 00:00:00,5.1,1.4,9.1,,,,8.6,,1020.6,
2021-09-21 00:00:00,4.9,1.6,8.2,,,,4.3,,1024.7,
2021-09-22 00:00:00,5.3,-0.4,10.5,,,,2.7,,1023.6,
2021-09-23 00:00:00,5,1.5,8.2,,,,5.6,,1024.2,
2021-09-24 00:00:00,5.2,0.8,10.6,,,,3.1,,1031.1,
2021-09-25 00:00:00,7.5,-0.5,15.3,,,,2.1,,1026,
2021-09-26 00:00:00,7.8,3.3,12.2,,,,8.2,,1018.9,
2021-09-27 00:00:00,4.8,2.9,6.1,,,,14.9,,1012.7,
2021-09-28 00:00:00,6.9,3,10.1,,,,8.1,,1010.3,
2021-09-29 00:00:00,5.4,2.5,6.6,,,,6.5,,1012,
2021-09-30 00:00:00,3,1.6,4.1,,,,8.3,,1015.4,
2021-10-01 00:00:00,3.4,1.1,6.6,,,,9.2,,1020.7,
2021-10-02 00:00:00,2.8,0.4,5.4,,,,6.8,,1027.3,
2021-10-03 00:00:00,3.2,1.3,6.3,,,,6.4,,1024.6,
2021-10-04 00:00:00,0.5,-1.7,2,,,,9.7,,1026.5,
2021-10-05 00:00:00,-1.2,-2.9,0.3,,,,13.1,,1031.8,
2021-10-06 00:00:00,-0.5,-3.2,2.2,,,,8.1,,1037.7,
2021-10-07 00:00:00,0.6,-4.5,6,,,,4.9,,1040.3,
2021-10-08 00:00:00,4.4,-0.9,10.8,,,,4.1,,1035.6,
2021-10-09 00:00:00,5.9,0,13.2,,,,4.1,,1027.3,
2021-10-10 00:00:00,4.9,0.2,10.9,,,,4,,1021.4,
2021-10-11 00:00:00,1.4,-1.4,2.8,,,,11.3,,1025.6,
2021-10-12 00:00:00,1.7,-3.4,6.7,,,,6.3,,1035,
2021-10-13 00:00:00,5.9,2,10.9,,,,5.5,,1037,
2021-10-14 00:00:00,7.6,4.3,12.4,,,,3.2,,1036.2,
2021-10-15 00:00:00,6.9,2.2,12.6,,,,6.4,,1034.4,
2021-10-16 00:00:00,5.3,0.8,11.2,,,,4.7,,1029.1,
2021-10-17 00:00:00,6.1,0.9,13.1,,,,3.1,,1027,
2021-10-18 00:00:00,7.6,1.5,15.2,,,,3.2,,1026.1,
2021-10-19 00:00:00,8.1,2,15.1,,,,3.5,,1021.1,
2021-10-20 00:00:00,8.7,2.9,15.2,,,,8,,1011.9,
2021-10-21 00:00:00,5.8,1.5,7.9,,,,11.3,,1010.8,
2021-10-22 00:00:00,2.2,0.7,3.5,,,,16.4,,1020.3,
2021-10-23 00:00:00,6.6,2.9,10.3,,,,18.1,,1021.3,
2021-10-24 00:00:00,9.3,6.3,13.4,,,,11.2,,1024.5,
2021-10-25 00:00:00,8,3.3,13.2,,,,8.4,,1019.2,
2021-10-26 00:00:00,5.3,-1.9,8.1,,,,9.7,,1014.8,
2021-10-27 00:00:00,-1.4,-5.7,3.6,,,,3.2,,1029.4,
2021-10-28 00:00:00,0.6,-3.5,6.5,,,,7.5,,1027.1,
2021-10-29 00:00:00,1.1,-2,5.1,,,,10.9,,1024.9,
2021-10-30 00:00:00,1.5,-0.2,3,,,,8.3,,1028,
2021-10-31 00:00:00,2.7,0.7,3.9,,,,12.5,,1021.7,
2021-11-01 00:00:00,4.1,0.9,5.8,,,,10.6,,1020.3,
2021-11-02 00:00:00,-2.3,-11.3,4.9,,,,13.1,,1022.1,
2021-11-03 00:00:00,-10.9,-13.6,-7.7,,,,7.5,,1041,
2021-11-04 00:00:00,-9.2,-11.8,-5.6,,,,4.7,,1047.9,
2021-11-05 00:00:00,-6.2,-11.4,-0.2,,,,7.9,,1046.6,
2021-11-06 00:00:00,-3.2,-6.6,1.4,,,,7.2,,1041.1,
2021-11-07 00:00:00,-1,-4.5,4.7,,,,8,,1034.1,
2021-11-08 00:00:00,0.4,-3,5.1,,,,9.1,,1030.1,
2021-11-09 00:00:00,1.5,-1,6,,,,9.6,,1029,
2021-11-10 00:00:00,1.4,-1.2,4.5,,,,14.1,,1022.1,
2021-11-11 00:00:00,1.8,-0.9,3.7,,,,9.6,,1022,
2021-11-12 00:00:00,0.4,-3.3,2.7,,,,11.1,,1018.5,
2021-11-13 00:00:00,-2.6,-3.5,-1.8,,,,12.4,,1020.8,
2021-11-14 00:00:00,-2.2,-2.9,-1.4,,,,14.2,,1010.4,
2021-11-15 00:00:00,-4.6,-6.6,-3,,,,8,,1019.1,
2021-11-16 00:00:00,-7.1,-10,-5.1,,,,2.4,,1022.6,
2021-11-17 00:00:00,-10,-11.6,-7.8,,,,5.1,,1016.9,
2021-11-18 00:00:00,-10.2,-14.8,-8.1,,,,7.7,,1023.1,
2021-11-19 00:00:00,-15.7,-20.1,-11.9,,,,7.4,,1037.6,
2021-11-20 00:00:00,-10.3,-12.9,-7.3,,,,11.6,,1032.1,
2021-11-21 00:00:00,-6.5,-9.8,-3.5,,,,14.1,,1014.6,
2021-11-22 00:00:00,-1.1,-3,0.6,,,,22.9,,1005.5,
2021-11-23 00:00:00,-1.2,-5.5,1.5,,,,16.9,,1008.6,
2021-11-24 00:00:00,-5,-8.9,-2.3,,,,5,,1015,
2021-11-25 00:00:00,-10.2,-18,-3,,,,8.9,,1015,
2021-11-26 00:00:00,-14.1,-20.1,-9.2,,,,9.2,,1033.2,
2021-11-27 00:00:00,-8.3,-10.2,-6,,,,11.8,,1040.5,
2021-11-28 00:00:00,-10.4,-14,-5.9,,,,5.3,,1039.3,
2021-11-29 00:00:00,-7.6,-11.1,-3.5,,,,5,,1031.9,
2021-11-30 00:00:00,-7.8,-12.3,-4.7,,,,5.7,,1027.5,
2021-12-01 00:00:00,-7,-12.2,-2.6,,,,7.4,,1025.2,
2021-12-02 00:00:00,0.9,-3.5,4.9,,,,16.1,,1013,
2021-12-03 00:00:00,-1.9,-8,3.8,,,,10.2,,1018.1,
2021-12-04 00:00:00,-5.2,-8,-2.1,,,,7.6,,1030.8,
2021-12-05 00:00:00,-2.8,-4.1,0.1,,,,3.8,,1025.5,
2021-12-06 00:00:00,-1.4,-4.2,0,,,,6,,1020.8,
2021-12-07 00:00:00,-6.8,-13.5,-3.6,,,,5.8,,1028.5,
2021-12-08 00:00:00,-19.3,-23.8,-14.8,,,,2.9,,1043.6,
2021-12-09 00:00:00,-18.7,-24.8,-14,,,,4,,1049.6,
2021-12-10 00:00:00,-10.1,-13.8,-6.7,,,,6.2,,1043.1,
2021-12-11 00:00:00,-6.7,-8.4,-2.5,,,,4.8,,1029.2,
2021-12-12 00:00:00,-12.8,-17.5,-8.9,,,,10.2,,1031.6,
2021-12-13 00:00:00,-17,-19.3,-13.6,,,,3.1,,1037.6,
2021-12-14 00:00:00,-16.4,-19.2,-13.1,,,,4,,1039.8,
2021-12-15 00:00:00,-11.4,-16.1,-6.2,,,,10.1,,1036.6,
2021-12-16 00:00:00,-7.1,-9.5,-5.2,,,,11.4,,1033,
2021-12-17 00:00:00,-2.8,-5,-1.9,,,,16.3,,1024,
2021-12-18 00:00:00,-3.6,-4.5,-2.9,,,,8.5,,1019.4,
2021-12-19 00:00:00,-3.1,-4.9,-0.9,,,,9.6,,1008.9,
2021-12-20 00:00:00,-2.7,-3.7,-1.8,,,,7.3,,1016.5,
2021-12-21 00:00:00,-2.7,-3.7,-1.1,,,,7.2,,1024.4,
2021-12-22 00:00:00,-1.9,-6.1,2,,,,10.1,,1009.7,
2021-12-23 00:00:00,0.1,-1.5,1.6,,,,6.9,,1014.1,
2021-12-24 00:00:00,-10.3,-15.5,-1.9,,,,8,,1030.7,
2021-12-25 00:00:00,-12.8,-15.1,-11,,,,12.4,,1031.8,
2021-12-26 00:00:00,-17.6,-19,-15.3,,,,11.6,,1033.7,
2021-12-27 00:00:00,-16.7,-21.8,-12.4,,,,7.6,,1035.8,
2021-12-28 00:00:00,-9.4,-11.9,-7.3,,,,15.7,,1031.3,
2021-12-29 00:00:00,-8.9,-17,-5.8,,,,7.6,,1028.6,
2021-12-30 00:00:00,-21.5,-25.4,-16.8,,,,1.7,,1042.4,
2021-12-31 00:00:00,-14.8,-19.7,-12,,,,4.1,,1035.1,
2022-01-01 00:00:00,-14,-17.7,-10.2,,,,3.8,,1025.8,
2022-01-02 00:00:00,-11.2,-13.4,-8.8,,,,7.9,,1020.6,
2022-01-03 00:00:00,-5.2,-9.7,-1.2,,,,10.6,,1012,
2022-01-04 00:00:00,-5.3,-14.4,0,,,,13.1,,1006.5,
2022-01-05 00:00:00,-15,-16.8,-12.9,,,,7.2,,1022,
2022-01-06 00:00:00,-11.8,-14.3,-9.2,,,,7.4,,1027.1,
2022-01-07 00:00:00,-6.5,-12.3,-1.6,,,,11.8,,1027.9,
2022-01-08 00:00:00,-1,-2.2,-0.4,,,,22.1,,1023.1,
2022-01-09 00:00:00,-8.8,-13.8,-2.4,,,,12.8,,1028.7,
2022-01-10 00:00:00,-13.8,-15.4,-11.7,,,,2.5,,1044.3,
2022-01-11 00:00:00,-13.8,-17.6,-10,,,,4.1,,1036.1,
2022-01-12 00:00:00,-13.7,-16.5,-11.5,,,,3.9,,1024.8,
2022-01-13 00:00:00,-14,-16.2,-12,,,,11,,1024.2,
2022-01-14 00:00:00,-10.7,-15.7,-7.3,,,,8.2,,1014,
2022-01-15 00:00:00,-6.4,-11.5,-1.7,,,,17.9,,1002.2,
2022-01-16 00:00:00,-4,-9.9,-0.7,,,,14.7,,1005.8,
2022-01-17 00:00:00,-8,-11.8,-5.1,,,,15.3,,1019.8,
2022-01-18 00:00:00,-8.7,-13.4,-6.1,,,,5.5,,1027.7,
2022-01-19 00:00:00,-12.6,-14.5,-10.1,,,,0.8,,1030.1,
2022-01-20 00:00:00,-13.4,-17.3,-9.7,,,,2.4,,1032.4,
2022-01-21 00:00:00,-12.2,-15.5,-8.5,,,,3.7,,1027.2,
2022-01-22 00:00:00,-15,-18.3,-10.9,,,,4.4,,1029.6,
2022-01-23 00:00:00,-20.3,-23.5,-16.6,,,,6,,1035.2,
2022-01-24 00:00:00,-19.9,-23.5,-15.5,,,,5.7,,1039.7,
2022-01-25 00:00:00,-16.8,-21.3,-11.7,,,,4.5,,1035.8,
2022-01-26 00:00:00,-16.5,-18.8,-14.1,,,,6.8,,1032.8,
2022-01-27 00:00:00,-16.7,-19.6,-13.3,,,,5,,1035.4,
2022-01-28 00:00:00,-13.6,-18,-8.5,,,,3.8,,1028.9,
2022-01-29 00:00:00,-9.9,-13.2,-6.4,,,,5,,1023.2,
2022-01-30 00:00:00,-7.5,-8.6,-5.9,,,,9.7,,1022.4,
2022-01-31 00:00:00,-7.9,-9.3,-5.8,,,,9.6,,1027.1,
2022-02-01 00:00:00,-9.5,-11.2,-8.2,,,,8.3,,1033.4,
2022-02-02 00:00:00,-10,-13,-6.9,,,,2.9,,1034.4,
2022-02-03 00:00:00,-11.5,-14.4,-6.6,,,,4.1,,1038.4,
2022-02-04 00:00:00,-10.1,-14.1,-5,,,,5.8,,1036,
2022-02-05 00:00:00,-8.9,-12.8,-4,,,,5.3,,1027.8,
2022-02-06 00:00:00,-7.2,-11,-2.8,,,,6.4,,1018.9,
2022-02-07 00:00:00,-6.8,-10.2,-2.3,,,,10,,1021.2,
2022-02-08 00:00:00,-9.9,-12.6,-6.8,,,,5.9,,1030.5,
2022-02-09 00:00:00,-12.8,-16.2,-8.9,,,,3.1,,1032.3,
2022-02-10 00:00:00,-16.1,-20.2,-11.8,,,,3.7,,1035.6,
2022-02-11 00:00:00,-15.4,-20.8,-10.3,,,,6.3,,1031.9,
2022-02-12 00:00:00,-9.3,-12.6,-4.9,,,,10.9,,1016.7,
2022-02-13 00:00:00,-6.7,-11,-2.4,,,,12.1,,1017.1,
2022-02-14 00:00:00,-5.9,-10.4,-1,,,,11.3,,1010.2,
2022-02-15 00:00:00,-14.4,-16.9,-10.9,,,,13.8,,1022.6,
2022-02-16 00:00:00,-15.1,-18.7,-12,,,,8.3,,1035.8,
2022-02-17 00:00:00,-10.5,-14.2,-7.8,,,,11.1,,1035.5,
2022-02-18 00:00:00,-11.8,-14.2,-8.2,,,,8.9,,1036.7,
2022-02-19 00:00:00,-8.9,-14.2,-3.1,,,,3.8,,1034.8,
2022-02-20 00:00:00,-8,-10.7,-3.7,,,,6.6,,1028,
2022-02-21 00:00:00,-8.3,-12.4,-4.5,,,,8,,1022.4,
2022-02-22 00:00:00,-4.8,-8.1,-1.7,,,,4.8,,1019.6,
2022-02-23 00:00:00,-4.7,-7,-2,,,,4.6,,1027.1,
2022-02-24 00:00:00,-5.9,-8.6,-3.1,,,,7.9,,1028.8,
2022-02-25 00:00:00,-3.6,-5.7,-1.4,,,,6.1,,1028.2,
2022-02-26 00:00:00,-5.4,-8.5,-2.7,,,,5.2,,1035.5,
2022-02-27 00:00:00,-6.7,-9.5,-2,,,,3.1,,1036.3,
2022-02-28 00:00:00,-10,-13.1,-4.6,,,,3,,1030.9,
2022-03-01 00:00:00,-9.3,-13.6,-4.9,,,,4.2,,1027.1,
2022-03-02 00:00:00,-7.9,-10.7,-4,,,,3.4,,1028.8,
2022-03-03 00:00:00,-8.2,-11.5,-4.9,,,,5.4,,1029.2,
2022-03-04 00:00:00,-6.3,-10.1,-1.8,,,,5.8,,1019.4,
2022-03-05 00:00:00,-0.7,-6.4,2.8,,,,9.6,,1008.4,
2022-03-06 00:00:00,1.5,-0.6,2.9,,,,26.8,,996.9,
2022-03-07 00:00:00,-3.3,-10.3,-0.6,,,,21.9,,1004.4,
2022-03-08 00:00:00,-12.3,-15.6,-9.1,,,,6.8,,1023.7,
2022-03-09 00:00:00,-11,-15.4,-6.1,,,,7.6,,1026.7,
2022-03-10 00:00:00,-11.2,-13.9,-6.9,,,,12.4,,1027.4,
2022-03-11 00:00:00,-11.9,-15,-8.6,,,,14.4,,1026.5,
2022-03-12 00:00:00,-10.4,-12.1,-7.7,,,,16.4,,1018.2,
2022-03-13 00:00:00,-9.6,-10.5,-8.4,,,,13.8,,1014.7,
2022-03-14 00:00:00,-8.6,-10.5,-5.9,,,,4.5,,1023.6,
2022-03-15 00:00:00,-10.3,-12.6,-7.5,,,,4.5,,1029,
2022-03-16 00:00:00,-13.3,-16.6,-9.2,,,,5.4,,1036.4,
2022-03-17 00:00:00,-14.3,-18.8,-9.2,,,,8.4,,1033.5,
2022-03-18 00:00:00,-12.8,-15.4,-9.1,,,,13.6,,1030.1,
2022-03-19 00:00:00,-12.8,-17.5,-7,,,,8.4,,1037.3,
2022-03-20 00:00:00,-11.8,-16.6,-7.2,,,,5.9,,1030,
2022-03-21 00:00:00,-9.9,-13.1,-7.2,,,,17.8,,1017,
2022-03-22 00:00:00,-5.6,-7.7,-3.2,,,,14.2,,1012.7,
2022-03-23 00:00:00,-5.9,-8,-4.2,,,,17.6,,1016.6,
2022-03-24 00:00:00,-4.7,-7.3,-1.3,,,,16,,1020.1,
2022-03-25 00:00:00,-4.1,-7.7,-0.3,,,,11.7,,1022.8,
2022-03-26 00:00:00,-3.6,-7.2,-0.6,,,,10.3,,1017.8,
2022-03-27 00:00:00,-1.8,-3.4,0.4,,,,7.5,,1008.7,
2022-03-28 00:00:00,-1.6,-3.4,0,,,,7.7,,1017.5,
2022-03-29 00:00:00,-1.2,-4.4,1.3,,,,15,,1011.2,
2022-03-30 00:00:00,-0.2,-4.3,2.5,,,,21.9,,1026.3,
2022-03-31 00:00:00,2.1,-0.5,5,,,,12.5,,1030.7,
2022-04-01 00:00:00,2.8,-0.4,7.2,,,,4.8,,1025.4,
2022-04-02 00:00:00,2.6,-2.1,6.7,,,,5.9,,1025.4,
2022-04-03 00:00:00,6,1.9,10.3,,,,7.1,,1023.2,
2022-04-04 00:00:00,9.2,3.8,14.2,,,,8.6,,1017.8,
2022-04-05 00:00:00,9.7,2.4,14.8,,,,11.4,,1012.7,
2022-04-06 00:00:00,3.2,-0.3,7.4,,,,4.9,,1021.1,
2022-04-07 00:00:00,3.9,-3,9.8,,,,4.6,,1019.4,
2022-04-08 00:00:00,5.1,1.2,9.9,,,,7.3,,1018.8,
2022-04-09 00:00:00,5.8,-0.6,11.3,,,,5.9,,1023.8,
2022-04-10 00:00:00,7.7,2.1,12.8,,,,9.3,,1027,
2022-04-11 00:00:00,8.2,2.3,13,,,,11.9,,1026.6,
2022-04-12 00:00:00,9.8,3,16.1,,,,13.7,,1020.9,
2022-04-13 00:00:00,11.8,6.5,16.8,,,,9.9,,1021.9,
2022-04-14 00:00:00,13.4,5.7,20.5,,,,5.3,,1021.7,
2022-04-15 00:00:00,16.6,7.5,24.3,,,,5.6,,1019.7,
2022-04-16 00:00:00,15.9,9.2,21.8,,,,8.8,,1015.2,
2022-04-17 00:00:00,13.7,9.7,18.4,,,,12,,1016.3,
2022-04-18 00:00:00,9.2,5.5,11.9,,,,14,,1016.8,
2022-04-19 00:00:00,9.5,2.7,15.1,,,,5.3,,1023.5,
2022-04-20 00:00:00,12.1,6.4,17.8,,,,7.7,,1017.5,
2022-04-21 00:00:00,11.2,6,14.9,,,,10.7,,1011.1,
2022-04-22 00:00:00,3.7,0.5,7.1,,,,9,,1019.7,
2022-04-23 00:00:00,4.1,-2.1,9.9,,,,8,,1021.3,
2022-04-24 00:00:00,3.7,-2.7,9.1,,,,10.7,,1023.6,
2022-04-25 00:00:00,7.7,0.6,14.2,,,,6.5,,1020.1,
2022-04-26 00:00:00,11.5,3.6,19,,,,5.6,,1020.6,
2022-04-27 00:00:00,14.1,5.5,21,,,,4.2,,1022.6,
2022-04-28 00:00:00,17.1,8.8,23.9,,,,6.1,,1024.6,
2022-04-29 00:00:00,18.7,12.9,24,,,,5.5,,1020.5,
2022-04-30 00:00:00,20.6,12.6,27.7,,,,4.4,,1012.5,
2022-05-01 00:00:00,17.9,12.1,23.5,,,,6.8,,1005.4,
2022-05-02 00:00:00,13.2,8.8,17.4,,,,8.7,,1008.3,
2022-05-03 00:00:00,9,3.3,13.4,,,,12.3,,1018,
2022-05-04 00:00:00,11.2,5.1,16.1,,,,9,,1016.4,
2022-05-05 00:00:00,13.7,9.9,18.6,,,,6.6,,1012.6,
2022-05-06 00:00:00,15.3,9.7,22.1,,,,10.7,,1013.5,
2022-05-07 00:00:00,8.3,5,11.8,,,,12,,1027.1,
2022-05-08 00:00:00,10.5,2.7,16.2,,,,7.6,,1031.1,
2022-05-09 00:00:00,14.7,7.1,20.5,,,,10.6,,1023.5,
2022-05-10 00:00:00,14.8,10.2,18.6,,,,11.8,,1014.9,
2022-05-11 00:00:00,15.9,12.6,19.5,,,,7.3,,1015.5,
2022-05-12 00:00:00,15.2,6.5,21.8,,,,3.8,,1018.7,
2022-05-13 00:00:00,18,8.8,25.4,,,,4.7,,1013.1,
2022-05-14 00:00:00,18.2,13.2,23.5,,,,5.9,,1010.5,
2022-05-15 00:00:00,17.2,11.4,22.4,,,,8.9,,1013.6,
2022-05-16 00:00:00,20.9,14.7,26,,,,10.3,,1009.9,
2022-05-17 00:00:00,20.4,16,25.5,,,,9.3,,1006.8,
2022-05-18 00:00:00,16.7,14.2,19.5,,,,3.3,,1008.7,
2022-05-19 00:00:00,15.5,11.1,20,,,,11,,1011.3,
2022-05-20 00:00:00,17.7,9.6,24.2,,,,10.1,,1013.5,
2022-05-21 00:00:00,23.5,15.4,30.9,,,,11.9,,1002.9,
2022-05-22 00:00:00,12.6,9.5,19,,,,13.4,,1005.4,
2022-05-23 00:00:00,15.6,8.3,21.8,,,,12,,1016.9,
2022-05-24 00:00:00,20.9,14.1,26.7,,,,5.5,,1015.3,
2022-05-25 00:00:00,22.8,14.7,28.6,,,,7.2,,1011.8,
2022-05-26 00:00:00,24.8,19.1,30.6,,,,9.6,,1008,
2022-05-27 00:00:00,19,13.9,23.8,,,,10.3,,1012.1,
2022-05-28 00:00:00,14.3,9.9,16.5,4.1,,,7.6,,1014.9,
2022-05-29 00:00:00,18,8.1,25.4,0,,,11,,1017.9,
2022-05-30 00:00:00,22.2,14.6,29,0.2,,,9.1,,1016,
2022-05-31 00:00:00,19.8,14.9,24.7,3.3,,,14.6,,1008.6,
2022-06-01 00:00:00,15,10.2,19.5,4.1,,,18.1,,1011.1,
2022-06-02 00:00:00,17.3,9.2,23.3,0,,,11.4,,1017.8,
2022-06-03 00:00:00,18.2,11.2,25.1,3.1,,,13.7,,1013.7,
2022-06-04 00:00:00,14.5,7.6,23.1,7.5,,,12.8,,1011.5,
2022-06-05 00:00:00,12.6,6.5,17.9,0.3,,,11.3,,1016.6,
2022-06-06 00:00:00,16.5,12.2,21.4,0,,,8.4,,1016.1,
2022-06-07 00:00:00,21.1,12.2,28.3,0,,,8.7,,1009.7,
2022-06-08 00:00:00,24,18.9,29.4,0.1,,,16.4,,1005.2,
2022-06-09 00:00:00,22.9,17.3,28.7,0.5,,,6.8,,1004,
2022-06-10 00:00:00,23.1,15.6,29.8,0,,,8.8,,1001.3,
2022-06-11 00:00:00,20.3,15.2,24.2,0,,,16.8,,1003.2,
2022-06-12 00:00:00,22.3,16.1,27.5,0,,,17.1,,1003.6,
2022-06-13 00:00:00,21.4,15.2,26.9,1.3,,,15.5,,1003.5,
2022-06-14 00:00:00,18.6,13.8,22.6,0,,,9.9,,1006.1,
2022-06-15 00:00:00,17.7,11.3,23,0,,,6.9,,1011,
2022-06-16 00:00:00,20.4,13.9,25.2,0,,,7,,1011.1,
2022-06-17 00:00:00,21.4,13.2,27.6,0.6,,,5.5,,1010.4,
2022-06-18 00:00:00,23.4,16.1,28.9,0,,,4.3,,1007,
2022-06-19 00:00:00,25,17.8,30.2,0.2,,,4.3,,1004,
2022-06-20 00:00:00,24.8,19.7,29.1,1.8,,,4.9,,999.3,
2022-06-21 00:00:00,22.2,17.1,27.3,4.1,,,10.4,,997.8,
2022-06-22 00:00:00,21.8,14.8,27.3,0,,,9.6,,1002,
2022-06-23 00:00:00,25,17.3,31.4,0.2,,,8,,1006.6,
2022-06-24 00:00:00,26.3,19.1,32.4,0,,,4.4,,1009.2,
2022-06-25 00:00:00,28.5,20.5,34.2,0,,,9,,1003.4,
2022-06-26 00:00:00,23.7,19.7,26.9,0.2,,,8.8,,999.6,
2022-06-27 00:00:00,17.8,13.9,20.6,1.7,,,9.9,,1005.5,
2022-06-28 00:00:00,18.5,10.6,25.1,0,,,6,,1007,
2022-06-29 00:00:00,16,10.7,18.7,3.7,,,10.3,,1000.8,
2022-06-30 00:00:00,13.8,7.4,19.1,0,,,7.4,,1006.2,
2022-07-01 00:00:00,17.6,10,22.9,0,,,4.7,,1010.2,
2022-07-02 00:00:00,19.1,12.1,24.3,0,,,4.8,,1009.6,
2022-07-03 00:00:00,20.6,12.3,26.2,0,,,7.6,,1005.7,
2022-07-04 00:00:00,22.7,18,28.3,1.2,,,11.7,,993.7,
2022-07-05 00:00:00,16.6,13.7,18.3,2.6,,,10.3,,996.9,
2022-07-06 00:00:00,17,11,21.8,1.8,,,6,,1007.1,
2022-07-07 00:00:00,17.7,14.9,20.6,26.3,,,6.6,,1007.4,
2022-07-08 00:00:00,17.8,14.4,20.8,10.3,,,11.2,,1009,
2022-07-09 00:00:00,19.9,14.5,23.9,2.5,,,10.7,,1010.1,
2022-07-10 00:00:00,21.1,15.9,25.1,2.7,,,9.3,,1009.9,
2022-07-11 00:00:00,23,16.7,27.5,0,,,9.8,,1010.6,
2022-07-12 00:00:00,24.3,18.9,28.7,0,,,11.7,,1015.2,
2022-07-13 00:00:00,23.5,16.7,28.5,0.5,,,6.2,,1018.8,
2022-07-14 00:00:00,24.7,17.3,30.5,0,,,3.4,,1016.1,
2022-07-15 00:00:00,26.4,18.3,32.8,0,,,3.9,,1010.9,
2022-07-16 00:00:00,26.2,19.6,31.6,0.3,,,5.2,,1005.8,
2022-07-17 00:00:00,23,18.6,27.5,2.2,,,11.5,,1004.8,
2022-07-18 00:00:00,20.4,16.2,23.6,0.9,,,5.3,,1012.4,
2022-07-19 00:00:00,22.5,13.9,28.5,0,,,3.8,,1013.9,
2022-07-20 00:00:00,24.8,18.2,31.7,0.4,,,8,,1006.5,
2022-07-21 00:00:00,23.5,18.8,27.8,0,,,7.3,,1002.9,
2022-07-22 00:00:00,21.2,14.2,26.6,0,,,7.6,,1006,
2022-07-23 00:00:00,21.7,14.7,27.2,0,,,4.5,,1006.2,
2022-07-24 00:00:00,21.4,14.8,26.9,0,,,6.4,,1007.2,
2022-07-25 00:00:00,23.8,14.9,30.6,0,,,3.8,,1010.8,
2022-07-26 00:00:00,26.2,19.1,32,0.4,,,5,,1008.1,
2022-07-27 00:00:00,25.3,21.1,30.2,0.6,,,6.5,,1001.3,
2022-07-28 00:00:00,22.8,17.9,27.3,0,,,4.9,,1000.6,
2022-07-29 00:00:00,19.4,16.9,22.8,12.5,,,5.4,,1002.6,
2022-07-30 00:00:00,18.7,15.5,21.5,10.8,,,6.2,,1003.8,
2022-07-31 00:00:00,20.1,16,24.5,2.7,,,7.4,,1004.8,
2022-08-01 00:00:00,20.8,15.2,25.4,1.2,,,4.6,,1006.2,
2022-08-02 00:00:00,20,16.2,24.3,0.1,,,7.9,,1009.4,
2022-08-03 00:00:00,20.2,13.9,25.6,0,,,11.1,,1013.3,
2022-08-04 00:00:00,20.7,15.5,25.5,0,,,12.3,,1015.7,
2022-08-05 00:00:00,20.7,13.9,25.8,0,,,11,,1017.2,
2022-08-06 00:00:00,21.7,14,27.6,0,,,8.8,,1015.7,
2022-08-07 00:00:00,21.2,15.2,26.3,0,,,7.1,,1012.2,
2022-08-08 00:00:00,17.7,14.5,21.4,4.1,,,10.3,,1010.7,
2022-08-09 00:00:00,17.7,13.5,22,8.1,,,9.2,,1009.7,
2022-08-10 00:00:00,18.5,15,22.2,3.4,,,9.8,,1010.9,
2022-08-11 00:00:00,19.7,14.6,24.2,3,,,8.5,,1012.4,
2022-08-12 00:00:00,21,14.7,27.1,0.6,,,4.8,,1014.1,
2022-08-13 00:00:00,20,13.9,25.5,0,,,4.8,,1014.5,
2022-08-14 00:00:00,20,14.5,25.5,0,,,5.6,,1014.4,
2022-08-15 00:00:00,16.7,10.2,21.9,0,,,7.9,,1018,
2022-08-16 00:00:00,16.3,10,21,0,,,5.2,,1019.6,
2022-08-17 00:00:00,15,9.3,20.1,0,,,5.8,,1018.2,
2022-08-18 00:00:00,12.4,8.6,16.1,0.2,,,6.7,,1018.5,
2022-08-19 00:00:00,11.3,5.7,15.6,0,,,8.2,,1022.8,
2022-08-20 00:00:00,12.3,8.1,16.6,1.2,,,4.3,,1022.7,
2022-08-21 00:00:00,15.1,7.8,21.8,0,,,2.8,,1022.4,
2022-08-22 00:00:00,14.2,11.2,16.7,0.5,,,7.2,,1022.4,
2022-08-23 00:00:00,13.7,7.7,18.9,0,,,8.9,,1025.4,
2022-08-24 00:00:00,15.8,8.7,21.7,0,,,7.6,,1026.7,
2022-08-25 00:00:00,18,9.8,25.2,0,,,3.1,,1022.5,
2022-08-26 00:00:00,20.5,11.6,28.2,0,,,3,,1019.2,
2022-08-27 00:00:00,20.8,14.4,27.3,6.3,,,4.8,,1018.9,
2022-08-28 00:00:00,17.5,12.3,22.7,0,,,8.3,,1023.8,
2022-08-29 00:00:00,18.8,10.9,26.1,0,,,2.9,,1021.9,
2022-08-30 00:00:00,21.1,12.6,29.1,0,,,2.5,,1019.4,
2022-08-31 00:00:00,22.9,14.3,30.6,0,,,3.6,,1015.3,
2022-09-01 00:00:00,24.9,16.9,32.6,0,,,6.2,,1012.9,
2022-09-02 00:00:00,26.3,17.4,34.8,0,,,3.8,,1017.2,
2022-09-03 00:00:00,27.9,19.6,35.9,0,,,7.2,,1016,
2022-09-04 00:00:00,22.4,16.9,26.2,0,,,7.6,,1014.6,
2022-09-05 00:00:00,22.6,13.6,30.9,0,,,6.2,,1010.4,
2022-09-06 00:00:00,25.2,20.4,31,0,,,7.5,,1000.5,
2022-09-07 00:00:00,16.3,10.2,20.2,0,,,14.7,,1007,
2022-09-08 00:00:00,12.2,6.2,17.6,0,,,5,,1019.3,
2022-09-09 00:00:00,14.5,7,21.3,0,,,4.8,,1020.2,
2022-09-10 00:00:00,16.6,10.5,23,0,,,4.6,,1011.2,
2022-09-11 00:00:00,11.6,8.1,15.3,4.7,,,10.2,,1002.5,
2022-09-12 00:00:00,9.3,5.3,13.1,0.3,,,5.8,,1020.6,
2022-09-13 00:00:00,9.8,5.6,13.6,0.4,,,2.6,,1027.2,
2022-09-14 00:00:00,10.3,4.3,15.6,0,,,4.3,,1028.5,
2022-09-15 00:00:00,11.4,5.4,16.5,0,,,4.1,,1027.7,
2022-09-16 00:00:00,12.1,6.7,16.7,0,,,6.9,,1023.1,
2022-09-17 00:00:00,12.4,6.7,17.9,0,,,5.9,,1022.4,
2022-09-18 00:00:00,13.4,6.6,20.2,0,,,3.4,,1024.7,
2022-09-19 00:00:00,14.6,6.4,22.7,0,,,2.7,,1024.4,
2022-09-20 00:00:00,16.9,7.2,25.8,0,,,2.8,,1023.6,
2022-09-21 00:00:00,19.7,11.9,27.5,0,,,3.5,,1021.1,
2022-09-22 00:00:00,21,13.8,28.8,0,,,3.5,,1019.5,
2022-09-23 00:00:00,22,14.4,29.7,0,,,2.2,,1020.4,
2022-09-24 00:00:00,22.1,14.5,30,0,,,3.5,,1017.2,
2022-09-25 00:00:00,22.2,14.6,30.4,0,,,4.6,,1011.2,
2022-09-26 00:00:00,17,10.9,19.1,0,,,7.9,,1007.4,
2022-09-27 00:00:00,9.5,4.1,12.2,2.6,,,10.7,,1011.5,
2022-09-28 00:00:00,1.4,-1.4,3.6,0.1,,,7.6,,1019.9,
2022-09-29 00:00:00,-0.7,-4.1,2.7,0,,,5,,1027.9,
2022-09-30 00:00:00,-0.4,-3.3,2,0,,,5.2,,1034.1,
2022-10-01 00:00:00,0.8,-2.9,5,0,,,4,,1039.6,
2022-10-02 00:00:00,2.9,-2.6,9.3,0,,,4.2,,1036.4,
2022-10-03 00:00:00,3.1,-2.5,9,0,,,7.6,,1033.2,
2022-10-04 00:00:00,4.1,-1.5,11,0,,,5.4,,1035.8,
2022-10-05 00:00:00,8.3,0.8,16.4,0,,,2.3,,1037.5,
2022-10-06 00:00:00,11.3,3.7,19.4,0,,,2.1,,1032.6,
2022-10-07 00:00:00,14.3,7.6,21.6,0,,,6.4,,1023.2,
2022-10-08 00:00:00,12.6,7.8,16.7,0,,,7.7,,1013.9,
2022-10-09 00:00:00,6.9,4.9,8.2,3.9,,,10.3,,1020.6,
2022-10-10 00:00:00,8.3,4.1,13,0,,,4.8,,1030.9,
2022-10-11 00:00:00,9.7,4.3,16.4,0,,,4.4,,1028.9,
2022-10-12 00:00:00,10.1,2.9,17.5,0,,,2.4,,1024.7,
2022-10-13 00:00:00,12.1,6.8,18.1,0,,,4.1,,1021.9,
2022-10-14 00:00:00,12,7.6,18.5,0,,,4,,1020.3,
2022-10-15 00:00:00,10.7,4.5,17,0,,,3.5,,1022.3,
2022-10-16 00:00:00,9.2,5.5,14.1,0,,,6.1,,1020.6,
2022-10-17 00:00:00,5.7,2.8,9,0.4,,,6.3,,1025.8,
2022-10-18 00:00:00,5.3,2.5,8.7,0,,,5.1,,1025.2,
2022-10-19 00:00:00,6.6,3.8,9.6,1.1,,,12.2,,1017.6,
2022-10-20 00:00:00,7.9,5.9,10,6.1,,,11.2,,1013.8,
2022-10-21 00:00:00,10.2,6.8,13.9,0.1,,,11.5,,1016.6,
2022-10-22 00:00:00,8.9,5.6,11.2,8.1,,,13.9,,1005.4,
2022-10-23 00:00:00,0.3,-2.3,4.8,1.7,,,13.1,,1022.7,
2022-10-24 00:00:00,0.1,-3.1,4.5,0,,,5.6,,1031.4,
2022-10-25 00:00:00,1.7,-3.2,7.7,0,,,6.8,,1021.7,
2022-10-26 00:00:00,3,1.2,5.2,2.2,,,7.9,,1011.3,
2022-10-27 00:00:00,-0.7,-4.2,2.3,1.3,,,11.6,,1021,
2022-10-28 00:00:00,-3.2,-5,-0.6,0,,,3.6,,1036.5,
2022-10-29 00:00:00,-2,-6,2.3,0,,,3.8,,1031.5,
2022-10-30 00:00:00,0.9,-1.4,4.4,1.9,,,3.1,,1018.5,
2022-10-31 00:00:00,2,0.6,4.2,0,,,5.5,,1020.5,
2022-11-01 00:00:00,4,1.7,7.3,0,,,9.9,,1020.9,
2022-11-02 00:00:00,3.3,-0.4,6.9,4,,,11.1,,1011.8,
2022-11-03 00:00:00,1.6,-1,3.5,0.7,,,14.5,,1019.2,
2022-11-04 00:00:00,3.8,0.4,6.1,5.7,,,13,,1011.8,
2022-11-05 00:00:00,-1.5,-3.7,0.4,0,,,14.1,,1018.6,
2022-11-06 00:00:00,-2.1,-3.5,0.2,0,,,8.5,,1021.8,
2022-11-07 00:00:00,-2.6,-4.9,-0.3,0.5,,,4.1,,1021.7,
2022-11-08 00:00:00,-3.1,-4.2,-2.1,1.7,,,3.9,,1022.9,
2022-11-09 00:00:00,-1.9,-3.5,-1.1,0.1,,,7.8,,1029,
2022-11-10 00:00:00,-1.5,-2.3,-0.7,0.1,,,9.3,,1031.2,
2022-11-11 00:00:00,-1.2,-1.8,-0.4,0.1,,,10.7,,1029.7,
2022-11-12 00:00:00,0.4,-1.3,1.2,9.4,,,17.1,,1020.5,
2022-11-13 00:00:00,0.7,-1.8,1.7,0.8,,,23.3,,1010.3,
2022-11-14 00:00:00,1.5,-0.8,2.7,7.6,,,24.6,,994.8,
2022-11-15 00:00:00,0.4,-3,2.8,1.9,,,17.8,,996.2,
2022-11-16 00:00:00,-6.1,-9.2,-3.3,0.9,,,13.1,,1009.9,
2022-11-17 00:00:00,-9,-10.8,-6.4,0,,,6.9,,1028.6,
2022-11-18 00:00:00,-8.2,-9.9,-5.6,0,,,2.8,,1030.6,
2022-11-19 00:00:00,-7.5,-11.4,-4.3,0.9,,,3.9,,1023.2,
2022-11-20 00:00:00,-9.8,-13.2,-6.4,0,,,7.2,,1026.3,
2022-11-21 00:00:00,-8.1,-14.1,-4.1,0,,,2.2,,1024,
2022-11-22 00:00:00,-7.6,-9.1,-6.5,0,,,5,,1021.9,
2022-11-23 00:00:00,-10,-12.3,-8,0,,,3.4,,1031.2,
2022-11-24 00:00:00,-7.2,-12.2,-0.4,3.5,,,5.8,,1024.9,
2022-11-25 00:00:00,-7.1,-18.1,1.1,8.3,,,13.2,,1015.1,
2022-11-26 00:00:00,-24.4,-27.4,-19.3,0,,,7.2,,1048.6,
2022-11-27 00:00:00,-23.9,-27.2,-19.5,0,,,4.6,,1055.9,
2022-11-28 00:00:00,-19.6,-24.8,-14.9,0,,,6.7,,1053.6,
2022-11-29 00:00:00,-17.5,-20.4,-14.1,0,,,7.2,,1048.3,
2022-11-30 00:00:00,-16.8,-21.2,-12.7,0,,,8.6,,1037,
2022-12-01 00:00:00,-17.1,-20.1,-14.1,0,,,13,,1035,
2022-12-02 00:00:00,-19.9,-22.4,-16.7,0,,,12.7,,1042.9,
2022-12-03 00:00:00,-18.9,-20.3,-16.6,0,,,12.9,,1042.9,
2022-12-04 00:00:00,-20.9,-23.3,-17.2,0.2,,,7.6,,1038.8,
2022-12-05 00:00:00,-22.8,-25.4,-19.2,0,,,2.8,,1042.6,
2022-12-06 00:00:00,-22.8,-25.8,-18,0,,,2.3,,1044.2,
2022-12-07 00:00:00,-22.3,-24.6,-17.2,0,,,3,,1042.5,
2022-12-08 00:00:00,-22.7,-25.8,-18.4,0,,,1.9,,1039.3,
2022-12-09 00:00:00,-22.9,-24.4,-20,0,,,4.9,,1039.3,
2022-12-10 00:00:00,-18.9,-21.7,-15.3,0,,,7.3,,1043.8,
2022-12-11 00:00:00,-18.3,-20.9,-15,0,,,6.8,,1046.5,
2022-12-12 00:00:00,-16.7,-21,-13,0,,,7.4,,1041.9,
2022-12-13 00:00:00,-11.4,-13.3,-8.9,0,,,7.9,,1037.1,
2022-12-14 00:00:00,-16.4,-20.3,-12.1,0,,,6.3,,1044.6,
2022-12-15 00:00:00,-16.2,-20.1,-11.2,0,,,4.9,,1044.7,
2022-12-16 00:00:00,-13.5,-16.1,-9,0,,,3.4,,1038.6,
2022-12-17 00:00:00,-16.3,-19.1,-12.6,0,,,3.1,,1034.8,
2022-12-18 00:00:00,-12.5,-18.1,-9.6,0,,,4,,1041.1,
2022-12-19 00:00:00,-7.8,-10.7,-5.6,0,,,11.1,,1034.3,
2022-12-20 00:00:00,-8.4,-9.8,-7,0,,,12.8,,1023.5,
2022-12-21 00:00:00,-11.3,-16.3,-9.6,6.6,,,7.8,,1014.7,
2022-12-22 00:00:00,-20.3,-24.9,-16.9,0,,,6.8,,1034.3,
2022-12-23 00:00:00,-16.8,-25,-9,1.8,,,11.5,,1040.2,
2022-12-24 00:00:00,-8,-9.1,-7.1,2.4,,,10.8,,1035.4,
2022-12-25 00:00:00,-11.6,-15.6,-8.6,0,,,4.7,,1036.3,
2022-12-26 00:00:00,-12.4,-15.9,-6.3,0,,,2.3,,1035.9,
2022-12-27 00:00:00,-8.9,-12.1,-6.7,0,,,3.7,,1030.7,
2022-12-28 00:00:00,-13,-14.3,-10.8,0.4,,,2.8,,1028.1,
2022-12-29 00:00:00,-10.2,-11.4,-9.4,0,,,5.5,,1030.6,
2022-12-30 00:00:00,-9.2,-12.1,-7.2,1,,,5,,1032.2,
2022-12-31 00:00:00,-5.2,-8.8,-2.7,2.7,,,9.8,,1026.9,
2023-01-01 00:00:00,-13.8,-15.9,-9.4,0,,,5.6,,1032.5,
2023-01-02 00:00:00,-5.9,-12.4,-4.3,0.1,,,9.8,,1025.1,
2023-01-03 00:00:00,-2.1,-5.4,0.6,4,,,19.8,,1000.5,
2023-01-04 00:00:00,-6.1,-8.1,-1.8,4.7,,,17.4,,1008.2,
2023-01-05 00:00:00,-0.3,-1.4,0.4,1.9,,,10.4,,1009.1,
2023-01-06 00:00:00,-2.5,-4.6,-0.1,2.9,,,7,,1013.4,
2023-01-07 00:00:00,-3.8,-4.6,-3.1,0,,,17.4,,1015.3,
2023-01-08 00:00:00,-4.7,-20.5,2.4,2.5,,,21.8,,1004.5,
2023-01-09 00:00:00,-26.8,-29,-21.6,0,,,9,,1029.1,
2023-01-10 00:00:00,-31.8,-33.8,-29,0,,,4.5,,1038.6,
2023-01-11 00:00:00,-29,-32.9,-24.4,0,,,6.6,,1045.3,
2023-01-12 00:00:00,-24,-28.5,-19.5,0,,,11.4,,1048.8,
2023-01-13 00:00:00,-18.4,-20.6,-16.2,0.3,,,10.7,,1046.2,
2023-01-14 00:00:00,-14.2,-16.2,-11.3,0.1,,,11.6,,1044.3,
2023-01-15 00:00:00,-15.3,-17.1,-13.1,0,,,8.7,,1042.2,
2023-01-16 00:00:00,-15.3,-18.1,-10.7,0,,,6.1,,1043,
2023-01-17 00:00:00,-16.1,-18.7,-10.8,0,,,2.7,,1045.5,
2023-01-18 00:00:00,-15.8,-19.1,-9.5,0,,,2.5,,1047.6,
2023-01-19 00:00:00,-16.3,-19.2,-10.4,0,,,2.8,,1044.6,
2023-01-20 00:00:00,-14.5,-17.1,-9.7,0,,,3.8,,1044.4,
2023-01-21 00:00:00,-16.1,-19.7,-10.8,0,,,3.1,,1049.2,
2023-01-22 00:00:00,-15.7,-18.5,-11,0,,,6.5,,1049,
2023-01-23 00:00:00,-14.5,-16.1,-12.7,0,,,7.2,,1039.1,
2023-01-24 00:00:00,-11.7,-13.9,-8.7,0,,,4.3,,1037.4,
2023-01-25 00:00:00,-15.3,-16.7,-13.4,0,,,9.3,,1038,
2023-01-26 00:00:00,-15.8,-18,-13.4,0,,,12.3,,1037.2,
2023-01-27 00:00:00,-14,-17.5,-11.3,0,,,14.4,,1034.2,
2023-01-28 00:00:00,-12.7,-14.2,-10.1,0,,,13,,1030.1,
2023-01-29 00:00:00,-14.9,-17.2,-13.2,0,,,7,,1027.8,
2023-01-30 00:00:00,-18.8,-23.7,-14,0,,,4.4,,1030.3,
2023-01-31 00:00:00,-15.6,-18.9,-10.5,0,,,2.5,,1029.2,
2023-02-01 00:00:00,-16.3,-19.3,-10.3,0,,,1.4,,1030.6,
2023-02-02 00:00:00,-14.4,-17.6,-8.8,0,,,5.5,,1028.8,
2023-02-03 00:00:00,-17.5,-19.3,-14.8,0,,,10.5,,1026.7,
2023-02-04 00:00:00,-16.9,-20.7,-12.8,0,,,11.1,,1026.6,
2023-02-05 00:00:00,-10.5,-14,-6.4,0.2,,,6.6,,1023.6,
2023-02-06 00:00:00,-10.7,-13.6,-7.7,0.2,,,3.5,,1023.6,
2023-02-07 00:00:00,-14.1,-16.6,-10.5,1,,,4.3,,1030,
2023-02-08 00:00:00,-17.8,-20.9,-14,0,,,5.1,,1028.2,
2023-02-09 00:00:00,-21.4,-24.7,-17.6,0,,,6.1,,1023.4,
2023-02-10 00:00:00,-19.8,-24.3,-15.6,1.1,,,7.7,,1022.8,
2023-02-11 00:00:00,-16.6,-18.6,-13.1,0,,,6.2,,1027.5,
2023-02-12 00:00:00,-19.6,-21.5,-16.5,0,,,5.7,,1035.8,
2023-02-13 00:00:00,-15.7,-18.8,-11.9,0,,,6.2,,1036,
2023-02-14 00:00:00,-16.1,-20.5,-11.4,0,,,3.4,,1032.7,
2023-02-15 00:00:00,-14.6,-18.7,-10.1,0,,,4.5,,1027.7,
2023-02-16 00:00:00,-18.8,-22.2,-14.9,0,,,5.5,,1035.6,
2023-02-17 00:00:00,-12.2,-19.1,-6.4,0.2,,,6.6,,1031.7,
2023-02-18 00:00:00,-9.1,-12.6,-7.3,0.3,,,6.3,,1027.5,
2023-02-19 00:00:00,-13,-16.9,-10,0.1,,,7.2,,1028.4,
2023-02-20 00:00:00,-4.8,-10.4,-1.2,3.5,,,14.6,,1018,
2023-02-21 00:00:00,-0.7,-3.2,1.3,0,,,10.4,,1016.4,
2023-02-22 00:00:00,2.1,-0.9,4.4,2.4,,,16.4,,1006.4,
2023-02-23 00:00:00,-1.1,-2.9,1.9,3.5,,,16.1,,1008.2,
2023-02-24 00:00:00,-8.4,-13.1,-3.3,0,,,14.4,,1016.5,
2023-02-25 00:00:00,-15.6,-17.2,-13.8,0,,,10.7,,1030.8,
2023-02-26 00:00:00,-12.4,-16.3,-8.4,0,,,12,,1043.8,
2023-02-27 00:00:00,-8.9,-12.5,-5.4,0,,,11.4,,1041,
2023-02-28 00:00:00,-5.1,-8.5,-1.9,0.1,,,19.2,,1024.8,
2023-03-01 00:00:00,0.4,-2.1,2.4,0.9,,,23.6,,1011.4,
2023-03-02 00:00:00,-0.6,-3.7,1.8,1,,,15.3,,1008,
2023-03-03 00:00:00,-6.8,-8.8,-4.2,0,,,11.1,,1014.4,
2023-03-04 00:00:00,-6.8,-8.7,-4.7,0,,,15.6,,1024.9,
2023-03-05 00:00:00,-7,-10.3,-4.1,1.5,,,8.1,,1016,
2023-03-06 00:00:00,-2.7,-4.6,-0.9,0,,,14,,1017.4,
2023-03-07 00:00:00,0.8,-2,4.2,6.5,,,14.3,,1008,
2023-03-08 00:00:00,-3.6,-8.2,0.5,0,,,13.5,,1018.6,
2023-03-09 00:00:00,-6.3,-9.7,-1.9,0,,,8.7,,1035,
2023-03-10 00:00:00,-3.5,-8.1,1.3,0,,,7.6,,1029.8,
2023-03-11 00:00:00,0.4,-0.9,1.7,0.8,,,7.4,,1014.7,
2023-03-12 00:00:00,-1,-4.7,1.7,0,,,7.5,,1027.2,
2023-03-13 00:00:00,-2.9,-7.6,2.4,0,,,5.4,,1036.7,
2023-03-14 00:00:00,-2,-6.5,2.8,0,,,7.7,,1027.9,
2023-03-15 00:00:00,-3.4,-6.9,-1,1.4,,,14.4,,1024.2,
2023-03-16 00:00:00,-4.1,-6.7,-1.2,0,,,9.5,,1025.9,
2023-03-17 00:00:00,-4.5,-7,-1.3,0,,,3.5,,1029.3,
2023-03-18 00:00:00,-4,-8.6,0.8,0,,,5.1,,1028.8,
2023-03-19 00:00:00,-5.6,-12.8,-2.5,0.8,,,12.9,,1031.5,
2023-03-20 00:00:00,-10,-16,-4.5,0,,,5.4,,1038,
2023-03-21 00:00:00,-7.8,-12.9,-1.9,0,,,4.2,,1029.7,
2023-03-22 00:00:00,-3.5,-9.8,3.2,0,,,3.4,,1025,
2023-03-23 00:00:00,-1.3,-5.5,3.6,0,,,5.3,,1021.5,
2023-03-24 00:00:00,-1,-5.4,3.6,0,,,4.1,,1025.6,
2023-03-25 00:00:00,1.7,-2.8,6.2,0,,,6.2,,1022.7,
2023-03-26 00:00:00,3.6,0.4,7,0,,,6.2,,1017.7,
2023-03-27 00:00:00,3.1,-2,8.8,0,,,4.3,,1021.9,
2023-03-28 00:00:00,6,-0.4,12.2,0,,,5,,1020.4,
2023-03-29 00:00:00,7.5,3.1,13.5,0,,,6.9,,1014.6,
2023-03-30 00:00:00,-0.9,-3.9,2.5,0,,,15.1,,1028.2,
2023-03-31 00:00:00,-1.4,-6.6,3.5,0,,,9,,1037.9,
2023-04-01 00:00:00,1.5,-3.6,6.1,0,,,7.6,,1038,
2023-04-02 00:00:00,3.2,-3.6,9.1,0,,,7,,1033.9,
2023-04-03 00:00:00,7.1,-0.1,14.2,0,,,6.7,,1031.4,
2023-04-04 00:00:00,8.8,1.6,15.9,0,,,5.6,,1027.6,
2023-04-05 00:00:00,10.2,2.7,17.6,0,,,4.4,,1023.6,
2023-04-06 00:00:00,10.9,4.7,17.5,0,,,5,,1014.2,
2023-04-07 00:00:00,2.3,-4.7,6.3,0,,,13.1,,1013.9,
2023-04-08 00:00:00,-2.7,-7.3,1.8,0,,,9.3,,1028.9,
2023-04-09 00:00:00,1,-8,8.1,0,,,2.3,,1028.7,
2023-04-10 00:00:00,5.1,-1.8,11.6,0,,,5.4,,1017.6,
2023-04-11 00:00:00,2.7,-1.8,7.2,0,,,6.5,,1018.6,
2023-04-12 00:00:00,4.3,-4,10.7,0,,,6.2,,1025.8,
2023-04-13 00:00:00,10.1,2.2,17.3,0,,,5.1,,1019.1,
2023-04-14 00:00:00,6.4,-2.6,10.6,11.3,,,13.2,,1009.6,
2023-04-15 00:00:00,-6.2,-10.5,-2.8,12.9,,,18.6,,1012.7,
2023-04-16 00:00:00,-6.4,-12.7,-1.8,6.9,,,9.6,,1017.7,
2023-04-17 00:00:00,-4.1,-9.3,0.5,6.5,,,14.4,,1015.8,
2023-04-18 00:00:00,-4.1,-11.9,1.8,1.6,,,9.2,,1032,
2023-04-19 00:00:00,-0.7,-5,3.2,0.3,,,5.8,,1034.7,
2023-04-20 00:00:00,-2.3,-7.3,3.2,0,,,3.8,,1033.6,
2023-04-21 00:00:00,1.2,-5.6,7.4,0,,,3.1,,1026.5,
2023-04-22 00:00:00,7,-0.8,13,0,,,6.1,,1023.4,
2023-04-23 00:00:00,11.9,8.5,16.2,0.2,,,10.3,,1015,
2023-04-24 00:00:00,9.8,5.2,14.4,0.4,,,9.2,,1016.6,
2023-04-25 00:00:00,12.5,3.2,20.5,0.1,,,7.9,,1027.4,
2023-04-26 00:00:00,15.9,7.5,23.4,0,,,6.4,,1026.3,
2023-04-27 00:00:00,17.4,9.1,24.3,0,,,4.5,,1022.7,
2023-04-28 00:00:00,19.4,11.7,26.4,0,,,5.9,,1015.1,
2023-04-29 00:00:00,15.1,8,21.3,0,,,9.6,,1012.4,
2023-04-30 00:00:00,8.8,2,14.4,0,,,10.7,,1020.7,
2023-05-01 00:00:00,7.5,4.2,11,0.2,,,6.5,,1021.8,
2023-05-02 00:00:00,5.7,-0.1,10.4,0,,,8.1,,1027.9,
2023-05-03 00:00:00,7.5,-0.2,13.4,0,,,4.3,,1033.3,
2023-05-04 00:00:00,9.6,1.9,15.4,0,,,3.2,,1034.4,
2023-05-05 00:00:00,13.6,5.3,20.3,0,,,2.5,,1032,
2023-05-06 00:00:00,17.6,7.6,25.1,0,,,2.6,,1025.5,
2023-05-07 00:00:00,20.1,12.1,26.9,0,,,2.8,,1021.2,
2023-05-08 00:00:00,20.7,12.1,28.1,0,,,5.7,,1017.8,
2023-05-09 00:00:00,15.3,10.1,19.7,0,,,12,,1019.3,
2023-05-10 00:00:00,14.2,6.2,20.2,0,,,10.8,,1020.3,
2023-05-11 00:00:00,19.3,14.5,24.5,0,,,9.3,,1011.5,
2023-05-12 00:00:00,15.5,9.4,20.3,0,,,11.6,,1015.8,
2023-05-13 00:00:00,14.8,10.5,20.3,0.3,,,9.4,,1008.4,
2023-05-14 00:00:00,8.8,5.1,11.1,0.6,,,8.6,,1010.9,
2023-05-15 00:00:00,11.3,0.1,19.4,0,,,4.2,,1019.4,
2023-05-16 00:00:00,15.4,5.9,22.1,0,,,3.2,,1017.5,
2023-05-17 00:00:00,16.9,10.9,22.4,0,,,10.9,,1018,
2023-05-18 00:00:00,10.7,8.8,13.2,10.3,,,12.2,,1022.1,
2023-05-19 00:00:00,13.4,8.1,18.1,0,,,9.7,,1021.2,
2023-05-20 00:00:00,16.1,8.5,21.8,0,,,12.2,,1017.5,
2023-05-21 00:00:00,17.4,9.3,23.5,0,,,10.3,,1019.1,
2023-05-22 00:00:00,18.3,10.5,24.1,0,,,7,,1022.5,
2023-05-23 00:00:00,18.8,11.7,24.5,0.5,,,8.5,,1023.9,
2023-05-24 00:00:00,18.5,10.3,24.6,0,,,7.9,,1023.3,
2023-05-25 00:00:00,19.6,10.5,26.2,0,,,6.4,,1021,
2023-05-26 00:00:00,16.5,12.7,19.7,1.8,,,9.1,,1019.4,
2023-05-27 00:00:00,16.3,8.8,21.8,0,,,7.5,,1020.6,
2023-05-28 00:00:00,16.8,9.6,21.6,1,,,3.2,,1022.9,
2023-05-29 00:00:00,20.6,13.5,26.8,0.2,,,6.1,,1020.9,
2023-05-30 00:00:00,23.6,15.6,29.7,0.6,,,3.8,,1018.9,
2023-05-31 00:00:00,24.6,16.4,31.2,0,,,5.3,,1017.9,
2023-06-01 00:00:00,25,16.6,31.4,0,,,4.7,,1017,
2023-06-02 00:00:00,26,18.8,32,0,,,5.5,,1018.4,
2023-06-03 00:00:00,26.7,18.9,32.8,0,,,5.4,,1018,
2023-06-04 00:00:00,27.9,19.6,34.4,0,,,5.4,,1014.3,
2023-06-05 00:00:00,29.4,20.3,36.3,0,,,4.3,,1009,
2023-06-06 00:00:00,29.9,21.9,36.6,0,,,3.9,,1006.6,
2023-06-07 00:00:00,29.9,22.1,35.9,0,,,5.5,,1004.1,
2023-06-08 00:00:00,26.2,20,30.7,1.1,,,7.6,,1004.5,
2023-06-09 00:00:00,20.2,17,22.8,10,,,7,,1011.6,
2023-06-10 00:00:00,20.2,13.9,25.1,0,,,5.5,,1015.2,
2023-06-11 00:00:00,21.8,13.7,27.9,0,,,3.6,,1017.8,
2023-06-12 00:00:00,23.3,15.4,29.4,0,,,5.5,,1016.9,
2023-06-13 00:00:00,18.5,11.8,23.4,0,,,12.8,,1017.3,
2023-06-14 00:00:00,15.7,7.9,21.6,0,,,9.9,,1019.9,
2023-06-15 00:00:00,19.5,10.9,25.6,0,,,3.8,,1013.6,
2023-06-16 00:00:00,22.4,14.2,28.5,0,,,3.8,,1008,
2023-06-17 00:00:00,23.8,16.4,29.6,0,,,4.9,,1004.8,
2023-06-18 00:00:00,24.9,17.9,30.1,0.3,,,5.5,,1001.6,
2023-06-19 00:00:00,23.5,13.7,29.8,3.2,,,16.7,,990.1,
2023-06-20 00:00:00,13.6,9.1,17.6,0,,,14.7,,1001.3,
2023-06-21 00:00:00,14.3,8.8,18.5,0.1,,,11.4,,1004.4,
2023-06-22 00:00:00,15.3,9.6,20.4,0,,,8.9,,1008,
2023-06-23 00:00:00,14.9,9.9,20.1,7.6,,,9.3,,1008.4,
2023-06-24 00:00:00,13.8,8.9,16.9,0,,,5.1,,1012.5,
2023-06-25 00:00:00,16.4,9.1,21.5,0,,,3.8,,1011.9,
2023-06-26 00:00:00,18.1,15,20.6,2.8,,,9.9,,1002.6,
2023-06-27 00:00:00,15,13.4,16.4,3,,,16.8,,993.6,
2023-06-28 00:00:00,16.1,11.7,20.6,1.6,,,14,,1003.7,
2023-06-29 00:00:00,19.2,11.2,25,0,,,7.3,,1011.6,
2023-06-30 00:00:00,19.9,15.4,24,0.2,,,6.4,,1010.3,
2023-07-01 00:00:00,21.1,13.5,27,0,,,3.8,,1012.8,
2023-07-02 00:00:00,25.7,16.8,32.8,0,,,6.3,,1008.8,
2023-07-03 00:00:00,26.6,22.3,30.9,0,,,7.6,,1004.3,
2023-07-04 00:00:00,24.4,19.4,28.1,0.7,,,4,,1004.4,
2023-07-05 00:00:00,24.6,18.1,29.3,0,,,8.8,,1007.2,
2023-07-06 00:00:00,24.3,17.4,29.1,0.2,,,9.7,,1010.4,
2023-07-07 00:00:00,24.9,17.5,30.6,0,,,6.4,,1010,
2023-07-08 00:00:00,24.1,17.4,28.9,0.2,,,7.1,,1011.4,
2023-07-09 00:00:00,24.4,16.6,30.1,0,,,4.6,,1013,
2023-07-10 00:00:00,26.5,17.7,33.1,0,,,3.7,,1012.5,
2023-07-11 00:00:00,29.6,20.9,36.4,0,,,4.4,,1013.2,
2023-07-12 00:00:00,32.1,24.6,38.6,0,,,6.5,,1011.8,
2023-07-13 00:00:00,31.2,26,36.4,0,,,6.3,,1005.7,
2023-07-14 00:00:00,26,20.9,30.4,0,,,9.7,,1000.3,
2023-07-15 00:00:00,19.7,16.3,23.4,0.1,,,14.2,,1002.3,
2023-07-16 00:00:00,22,14.3,28.2,0,,,8.5,,1006.2,
2023-07-17 00:00:00,26.2,19.1,32.3,0.6,,,5.1,,1009.5,
2023-07-18 00:00:00,27.9,23,33.8,2.4,,,9.3,,1005,
2023-07-19 00:00:00,24.7,19.9,29.8,0,,,6.7,,1002.6,
2023-07-20 00:00:00,23.4,18.1,28.4,0,,,8.9,,1004.3,
2023-07-21 00:00:00,22.7,18.3,26.9,4.8,,,7.8,,1007.7,
2023-07-22 00:00:00,22.2,13.9,28.5,0,,,6.2,,1012.6,
2023-07-23 00:00:00,23.7,17.6,29.2,0,,,5.4,,1009.5,
2023-07-24 00:00:00,22.8,16,28.4,0,,,6.1,,1007.8,
2023-07-25 00:00:00,23.5,16,29.5,0,,,4.1,,1009.2,
2023-07-26 00:00:00,22.9,18.9,26.5,0,,,5.7,,1007.6,
2023-07-27 00:00:00,21.9,16.4,27.4,2,,,9.5,,1006.6,
2023-07-28 00:00:00,23.6,16.1,29.5,0,,,4.2,,1007.8,
2023-07-29 00:00:00,26.1,19.7,31.7,0.1,,,7.1,,1004.3,
2023-07-30 00:00:00,24.3,18.2,29.8,0,,,7.2,,1006,
2023-07-31 00:00:00,24.8,17.1,30.7,0,,,5.4,,1006.5,
2023-08-01 00:00:00,26.6,19.1,32.7,0,,,3.9,,1004.9,
2023-08-02 00:00:00,26.2,20.7,31.3,0.1,,,4.3,,1002.2,
2023-08-03 00:00:00,25.7,18.7,31.6,0,,,4.8,,1003.2,
2023-08-04 00:00:00,23.9,18.9,28.8,1.2,,,5.8,,1006.5,
2023-08-05 00:00:00,24.4,17.4,30,0,,,5.1,,1008.2,
2023-08-06 00:00:00,23.2,18,27.5,3.5,,,5.7,,1005.7,
2023-08-07 00:00:00,22.4,16.8,26.8,0,,,8.8,,1003.1,
2023-08-08 00:00:00,23,15.1,29.3,0,,,8.3,,1003.9,
2023-08-09 00:00:00,24.8,18.1,30.8,0,,,5.6,,1006.5,
2023-08-10 00:00:00,22.1,16.8,26.3,1,,,7.8,,1005.7,
2023-08-11 00:00:00,16,12.9,19.2,0.2,,,10.7,,1011.3,
2023-08-12 00:00:00,13.1,10.3,15.1,2.7,,,7.9,,1014.4,
2023-08-13 00:00:00,12.5,7.6,16.6,0,,,7.7,,1016.9,
2023-08-14 00:00:00,15.4,9.7,21,0,,,6.4,,1017,
2023-08-15 00:00:00,16.7,12.4,21.1,0.4,,,6.1,,1014.2,
2023-08-16 00:00:00,17.2,10.2,23.4,0,,,4.2,,1017.5,
2023-08-17 00:00:00,20.1,12.5,27,0,,,3.5,,1018.4,
2023-08-18 00:00:00,22.1,15.4,28.7,0,,,3.4,,1016.7,
2023-08-19 00:00:00,23.3,15.6,30.3,0,,,3.6,,1014.3,
2023-08-20 00:00:00,22.4,16.2,28.4,0.1,,,4.6,,1012.4,
2023-08-21 00:00:00,22.3,15.1,28.8,0,,,4.5,,1011.9,
2023-08-22 00:00:00,24.6,18.1,31.4,0,,,6.5,,1007.1,
2023-08-23 00:00:00,25.3,18.6,32,0,,,7.1,,1004.8,
2023-08-24 00:00:00,19.8,15.1,22.3,3.9,,,7.7,,1001.5,
2023-08-25 00:00:00,16.6,11.4,21.2,0,,,6.3,,1006.8,
2023-08-26 00:00:00,18.2,14,23.5,0,,,6.6,,1006.1,
2023-08-27 00:00:00,17.2,13.1,21.8,0.5,,,6,,1000.2,
2023-08-28 00:00:00,15,12.7,17.5,3.5,,,8.6,,1002.5,
2023-08-29 00:00:00,16.7,12.1,20.5,0,,,12,,1004.8,
2023-08-30 00:00:00,16.1,11.7,18.8,1.3,,,10.9,,999.7,
2023-08-31 00:00:00,13.2,10.2,16.5,0,,,11.5,,1005.1,
2023-09-01 00:00:00,13.1,10.9,15.7,0.9,,,11,,1007.1,
2023-09-02 00:00:00,13.7,9.3,17.9,6.9,,,6.5,,1008.1,
2023-09-03 00:00:00,13.1,10.1,15.7,8.7,,,7.2,,1002.5,
2023-09-04 00:00:00,12.4,9.1,15.9,3.7,,,6.9,,1006.6,
2023-09-05 00:00:00,10.7,8.2,13.1,3.1,,,5.1,,1017.6,
2023-09-06 00:00:00,9.9,6.1,13.2,0,,,5.3,,1017.3,
2023-09-07 00:00:00,13.2,7.4,18.5,0,,,2.5,,1014.5,
2023-09-08 00:00:00,14.6,10.8,18,3,,,2.4,,1012.6,
2023-09-09 00:00:00,16.9,12.6,21.8,0.9,,,5.5,,1009.1,
2023-09-10 00:00:00,14.1,10.8,17.5,0,,,5.5,,1010.4,
2023-09-11 00:00:00,14,10.3,18,7.5,,,7.9,,1004.6,
2023-09-12 00:00:00,11.5,9.7,13.7,4.3,,,8.6,,1001.7,
2023-09-13 00:00:00,10.6,7.6,13.8,6.7,,,8.4,,1012.3,
2023-09-14 00:00:00,11.6,7.4,15.7,0.5,,,3.1,,1018.9,
2023-09-15 00:00:00,12.7,7.5,17.7,0,,,2.8,,1021.4,
2023-09-16 00:00:00,13.3,8.2,18.3,0,,,2.4,,1022.6,
2023-09-17 00:00:00,13.8,9.2,18.7,0,,,1.3,,1022.1,
2023-09-18 00:00:00,14,8.5,19.1,0.1,,,1.4,,1020.4,
2023-09-19 00:00:00,14.6,8.4,19.7,0,,,1.9,,1017.3,
2023-09-20 00:00:00,13.7,11.1,16.7,5.8,,,3.1,,1016.1,
2023-09-21 00:00:00,13.4,9.1,18.4,0,,,3.2,,1021.8,
2023-09-22 00:00:00,13.6,7.9,18.7,0,,,5.9,,1022.4,
2023-09-23 00:00:00,12.1,6.6,14.6,0.9,,,6.6,,1024.3,
2023-09-24 00:00:00,10.4,5.3,15.5,0,,,4.1,,1029.8,
2023-09-25 00:00:00,14.6,10.4,19.8,0.1,,,4.5,,1025.2,
2023-09-26 00:00:00,16.2,11.1,22,0,,,3,,1021.7,
2023-09-27 00:00:00,13.3,10.2,15,3.4,,,3.3,,1019.7,
2023-09-28 00:00:00,11.4,7.9,14.9,0,,,2.3,,1018.6,
2023-09-29 00:00:00,10.9,6.1,15.6,0,,,2.2,,1017.1,
2023-09-30 00:00:00,10.2,8.2,12.7,0.3,,,1.4,,1017.6,
2023-10-01 00:00:00,10.8,6.2,15.3,0,,,5.7,,1020.3,
2023-10-02 00:00:00,10.3,7,14.5,0.1,,,8.5,,1020.7,
2023-10-03 00:00:00,8.3,3.5,13.5,0,,,5,,1023.3,
2023-10-04 00:00:00,9.5,3.3,15.5,0,,,1.5,,1025.1,
2023-10-05 00:00:00,11.5,6.6,17.2,0,,,1,,1023.2,
2023-10-06 00:00:00,12.6,6.2,18.8,0,,,2,,1018.4,
2023-10-07 00:00:00,11.3,6.9,15.6,0,,,4.1,,1014.9,
2023-10-08 00:00:00,11.5,7.6,16,0.2,,,9.9,,1014.6,
2023-10-09 00:00:00,13.4,8.9,18,0,,,12.1,,1015.8,
2023-10-10 00:00:00,16.5,12.1,21.8,0,,,11.7,,1010.2,
2023-10-11 00:00:00,9.3,4.9,13.8,0,,,6.9,,1018.4,
2023-10-12 00:00:00,5.5,1.9,8.5,0,,,2.5,,1022.8,
2023-10-13 00:00:00,4.8,0.1,10.3,0,,,4.3,,1025.8,
2023-10-14 00:00:00,6.4,2,11.4,0.9,,,8.9,,1021.2,
2023-10-15 00:00:00,7.2,5.5,9.5,2.8,,,6.9,,1019.9,
2023-10-16 00:00:00,8.9,5.3,13.1,0,,,5.9,,1023.9,
2023-10-17 00:00:00,11.4,6.5,16.7,0,,,2.5,,1024.2,
2023-10-18 00:00:00,11.9,8.5,17.1,0,,,3.7,,1017.8,
2023-10-19 00:00:00,6.8,3.4,10.3,0,,,3.1,,1024.6,
2023-10-20 00:00:00,8.3,2.9,14.8,0.6,,,4.4,,1019.2,
2023-10-21 00:00:00,4.5,0.9,7.2,2.5,,,7,,1018.7,
2023-10-22 00:00:00,4.4,1.2,6.5,6.4,,,9.8,,1004,
2023-10-23 00:00:00,-0.1,-1.7,2.3,0.4,,,11,,1017.6,
2023-10-24 00:00:00,3.3,-1.2,6.4,0,,,14.1,,1019.4,
2023-10-25 00:00:00,7.6,3.9,10.7,0.3,,,15.7,,1007.5,
2023-10-26 00:00:00,2.4,-3.8,10.2,1,,,11.5,,1007.4,
2023-10-27 00:00:00,-3,-4.6,-0.3,0,,,4.4,,1027.1,
2023-10-28 00:00:00,-0.1,-3.8,3.6,1.5,,,5,,1023.8,
2023-10-29 00:00:00,3.1,1.4,6.5,6.2,,,4.6,,1010.7,
2023-10-30 00:00:00,7.7,4.9,9.3,2,,,9.6,,1007.1,
2023-10-31 00:00:00,1.9,0.4,4.7,1.2,,,7.8,,1015,
2023-11-01 00:00:00,1.3,0.2,2,5.5,,,9.3,,1021,
2023-11-02 00:00:00,4.2,0.4,7.8,0.8,,,8.9,,1024.5,
2023-11-03 00:00:00,5.4,1.7,9.1,0.9,,,5.1,,1027,
2023-11-04 00:00:00,6.4,4.2,9.5,0,,,6.2,,1021.6,
2023-11-05 00:00:00,1.7,-2.1,3.8,0,,,5.5,,1030.2,
2023-11-06 00:00:00,0.1,-3.7,5.2,0,,,2.5,,1033.5,
2023-11-07 00:00:00,3.1,-1,8.6,0,,,2.3,,1026.9,
2023-11-08 00:00:00,5.9,1.7,10.9,0,,,4.8,,1017.3,
2023-11-09 00:00:00,5,4,6.3,0.8,,,8.4,,1013.1,
2023-11-10 00:00:00,2.9,1.5,4.4,3,,,7.6,,1023.5,
2023-11-11 00:00:00,4.7,1.6,7.5,0.3,,,6.6,,1022.6,
2023-11-12 00:00:00,4,2.5,6.6,2.9,,,5.4,,1018,
2023-11-13 00:00:00,3,1.5,4.1,1,,,4.8,,1031.3,
2023-11-14 00:00:00,2.7,0.6,5.2,0,,,7.8,,1035,
2023-11-15 00:00:00,4.4,1.8,7.3,0,,,12,,1021.6,
2023-11-16 00:00:00,4.7,3.2,6,0,,,9,,1012.4,
2023-11-17 00:00:00,5.3,3.9,6.6,4,,,3.5,,1013.7,
2023-11-18 00:00:00,6.7,0.2,9.6,2.6,,,15.4,,997.2,
2023-11-19 00:00:00,-4.9,-8.5,-0.4,0.1,,,8.7,,1024,
2023-11-20 00:00:00,-7.2,-9.5,-3.9,0,,,2,,1035.2,
2023-11-21 00:00:00,-3.7,-7.5,0.9,0,,,7.7,,1030.4,
2023-11-22 00:00:00,1.8,-1.5,4.5,0.8,,,9.6,,1012.5,
2023-11-23 00:00:00,1.9,-0.7,4.2,1.9,,,14.7,,1008.9,
2023-11-24 00:00:00,-0.3,-4.7,3.3,5.6,,,15.3,,1005.9,
2023-11-25 00:00:00,-4.5,-7.3,-1.9,0,,,10.5,,1022.1,
2023-11-26 00:00:00,-0.5,-3.5,2.3,0,,,5.5,,1029,
2023-11-27 00:00:00,2.9,0.8,5.9,0,,,6.8,,1024.1,
2023-11-28 00:00:00,3.3,1.6,6.1,0,,,7,,1020,
2023-11-29 00:00:00,3.3,0.4,6.8,0,,,4.3,,1016.8,
2023-11-30 00:00:00,0,-2.7,5.7,0,,,9.3,,1022.4,
2023-12-01 00:00:00,-3,-3.9,-2.1,4.2,,,12.4,,1022.4,
2023-12-02 00:00:00,-0.1,-3.5,2.6,0.8,,,11.3,,1019.2,
2023-12-03 00:00:00,-1.2,-8.8,4,8.4,,,17.1,,1007,
2023-12-04 00:00:00,-8.9,-11.8,-3.3,0.5,,,7.3,,1027.2,
2023-12-05 00:00:00,1.8,-2.4,3.7,5.6,,,13.4,,1015,
2023-12-06 00:00:00,-5.4,-13.7,3.9,0.6,,,10.9,,1012.6,
2023-12-07 00:00:00,-18.1,-20.7,-14.3,0,,,5.7,,1034.4,
2023-12-08 00:00:00,-25,-28,-21.5,0,,,7.2,,1041.8,
2023-12-09 00:00:00,-25.9,-28.4,-22.5,0,,,2.7,,1044.8,
2023-12-10 00:00:00,-24.5,-26.5,-21.9,0,,,1.9,,1041.4,
2023-12-11 00:00:00,-28.3,-32.4,-24.6,0,,,10.3,,1041.1,
2023-12-12 00:00:00,-30.3,-33,-27.2,0,,,8.6,,1057.1,
2023-12-13 00:00:00,-25.4,-29.5,-20.9,0,,,2.5,,1065.4,
2023-12-14 00:00:00,-19,-23,-13.6,0,,,3.2,,1059.6,
2023-12-15 00:00:00,-14.9,-17.5,-10.5,0,,,6.7,,1048.2,
2023-12-16 00:00:00,-13.6,-17.7,-8.7,0,,,4,,1041.1,
2023-12-17 00:00:00,-9.3,-13.5,-6,0,,,5.1,,1037.6,
2023-12-18 00:00:00,-5.5,-9.4,-2,0.6,,,10.3,,1026.5,
2023-12-19 00:00:00,-4.9,-8,-1.8,5.8,,,9.9,,1018.5,
2023-12-20 00:00:00,-7.5,-10,-6.6,1.1,,,8.2,,1026.3,
2023-12-21 00:00:00,-2,-7.4,0.2,4.6,,,13.7,,1028.1,
2023-12-22 00:00:00,-1.1,-3.4,0,0,,,5.2,,1031.7,
2023-12-23 00:00:00,-2.7,-4.6,0.2,0,,,3.9,,1019.3,
2023-12-24 00:00:00,-1.6,-3.7,0.8,0,,,6.5,,1013.9,
2023-12-25 00:00:00,2.1,1.1,4.8,1,,,7.2,,1011.7,
2023-12-26 00:00:00,-0.9,-3.5,5,3.7,,,16.8,,1008.9,
2023-12-27 00:00:00,-1,-3.5,0.6,3.3,,,14.4,,1009.1,
2023-12-28 00:00:00,0.1,-1.6,3.4,1.9,,,15,,1012.7,
2023-12-29 00:00:00,-1.6,-7.7,3.7,4.4,,,22.9,,1000,
2023-12-30 00:00:00,-5.3,-7.6,-2.1,3.8,,,18.9,,1013.1,
2023-12-31 00:00:00,-2.4,-3.5,-1.3,2.2,,,8.9,,1015.4,
2024-01-01 00:00:00,-0.3,-1.1,0.2,2.1,,,15.3,,1014.8,
2024-01-02 00:00:00,-4.6,-12,-0.8,4.7,,,11.3,,1010.3,
2024-01-03 00:00:00,-10.4,-14.4,-7.7,0.1,,,6.8,,1026.8,
2024-01-04 00:00:00,-6.3,-8.5,-3.1,0,,,8.9,,1018.9,
2024-01-05 00:00:00,-3,-5.5,-2.2,1.3,,,9.5,,1011.4,
2024-01-06 00:00:00,-4.7,-7.1,-1.9,1,,,5.9,,1019.5,
2024-01-07 00:00:00,-1.8,-3.1,0.5,7.1,,,8.2,,1016.3,
2024-01-08 00:00:00,-6.8,-17.6,0.3,3.4,,,15.1,,1007.6,
2024-01-09 00:00:00,-20.2,-24.8,-15.2,0,,,7.7,,1021.9,
2024-01-10 00:00:00,-8.4,-18.9,-0.3,8.6,,,16,,996.3,
2024-01-11 00:00:00,-20.7,-26.2,-16.4,0.2,,,7.9,,1013.8,
2024-01-12 00:00:00,-18.9,-25.9,-9.2,0,,,11.5,,1024,
2024-01-13 00:00:00,-7.3,-10.6,-2.1,0.3,,,11.4,,1008.2,
2024-01-14 00:00:00,-15.7,-25.1,-1.7,3.1,,,15.4,,1011.1,
2024-01-15 00:00:00,-25,-27.1,-21.6,0,,,7.8,,1036.6,
2024-01-16 00:00:00,-23.7,-27.6,-18.7,0,,,1.6,,1042.3,
2024-01-17 00:00:00,-18.2,-23.6,-12.8,0,,,2.6,,1042.7,
2024-01-18 00:00:00,-15.5,-18.9,-12.6,0,,,5,,1037.3,
2024-01-19 00:00:00,-14.7,-19.4,-12.6,0,,,3.8,,1031.4,
2024-01-20 00:00:00,-20.1,-21.9,-16.4,0,,,2.6,,1042.8,
2024-01-21 00:00:00,-17.2,-21.4,-11.4,0,,,2.5,,1045.1,
2024-01-22 00:00:00,-14.4,-17.7,-9.6,0,,,4.4,,1038.9,
2024-01-23 00:00:00,-13,-15,-9.8,0,,,4.2,,1033.2,
2024-01-24 00:00:00,-9.8,-13.8,-6.4,0,,,4.2,,1028.9,
2024-01-25 00:00:00,-2.1,-6.1,0.3,0.4,,,4.7,,1019.5,
2024-01-26 00:00:00,-9.1,-14.5,-0.5,2,,,11.7,,1020,
2024-01-27 00:00:00,-13.5,-15.7,-12.1,1.8,,,9,,1028.2,
2024-01-28 00:00:00,-14.1,-15.7,-11.3,0,,,2.6,,1031,
2024-01-29 00:00:00,-16.3,-19.5,-12.5,0,,,1.8,,1031.9,
2024-01-30 00:00:00,-17.4,-21.1,-13.4,0,,,2.2,,1027.9,
2024-01-31 00:00:00,-9.8,-14.1,-6.7,0.3,,,5.9,,1019.2,
2024-02-01 00:00:00,-10.7,-15,-7.7,0,,,7.9,,1018,
2024-02-02 00:00:00,-12.3,-14.7,-9.2,0.8,,,6.8,,1021.8,
2024-02-03 00:00:00,-8.3,-12.8,-6.1,2.1,,,14.8,,1015.6,
2024-02-04 00:00:00,-5.3,-6.8,-3.9,1,,,14.8,,1015.2,
2024-02-05 00:00:00,-3.6,-6.5,-1.6,0.8,,,16,,1018.6,
2024-02-06 00:00:00,-3.2,-4.6,-2.2,1.6,,,13.8,,1015.7,
2024-02-07 00:00:00,-2.4,-5.2,1.1,2.4,,,15.4,,1003.8,
2024-02-08 00:00:00,-4.2,-5.7,-0.4,5,,,22.3,,1008.1,
2024-02-09 00:00:00,2.2,0.2,3.5,4.5,,,22.1,,1004.5,
2024-02-10 00:00:00,-7.8,-14.6,2.1,2.4,,,10.4,,1011.3,
2024-02-11 00:00:00,-17.5,-19.8,-14.9,0,,,4.8,,1022.6,
2024-02-12 00:00:00,-18.7,-21.9,-15.6,0,,,5.4,,1036.3,
2024-02-13 00:00:00,-13.5,-18.2,-8.1,0,,,10,,1032.9,
2024-02-14 00:00:00,-8.5,-21.6,-2.3,4.7,,,13.4,,1017.7,
2024-02-15 00:00:00,-27.4,-32.4,-22.5,0,,,8.1,,1029.1,
2024-02-16 00:00:00,-29.4,-33.3,-24.4,0,,,5.4,,1042.6,
2024-02-17 00:00:00,-26.6,-29.8,-22.3,0,,,3.1,,1050.2,
2024-02-18 00:00:00,-25.8,-29.4,-20.5,0,,,1.9,,1044.8,
2024-02-19 00:00:00,-23.5,-28.5,-18.3,0,,,2.8,,1045.8,
2024-02-20 00:00:00,-22.8,-27,-17.5,0,,,3.8,,1047,
2024-02-21 00:00:00,-21.8,-25.9,-16.8,0,,,3.8,,1042.8,
2024-02-22 00:00:00,-21,-25.3,-15.6,0,,,3.1,,1038.3,
2024-02-23 00:00:00,-21.9,-25.6,-17.7,0,,,5.2,,1036.8,
2024-02-24 00:00:00,-23.3,-28.8,-17.7,0,,,2.9,,1043.1,
2024-02-25 00:00:00,-17.2,-22.4,-12,0,,,5.8,,1042.2,
2024-02-26 00:00:00,-10.9,-14.4,-7.6,0,,,4.8,,1037.9,
2024-02-27 00:00:00,-7.8,-9.9,-5.1,0,,,5.2,,1038.6,
2024-02-28 00:00:00,-8,-10.9,-3.2,0,,,3.1,,1038.2,
2024-02-29 00:00:00,-9.5,-13.4,-4.3,0,,,3.3,,1036.9,
2024-03-01 00:00:00,-9.4,-11.8,-5.8,0,,,4.5,,1030.1,
2024-03-02 00:00:00,-8.1,-10.3,-5.8,0.1,,,9.4,,1028.5,
2024-03-03 00:00:00,-9.3,-10.9,-7.2,0,,,5.4,,1032.2,
2024-03-04 00:00:00,-10.1,-12.5,-7.6,0,,,8.1,,1028.6,
2024-03-05 00:00:00,-8.8,-11.8,-6.1,0,,,10.3,,1026.6,
2024-03-06 00:00:00,-7.9,-10.4,-5.2,0,,,7.3,,1021.7,
2024-03-07 00:00:00,-9.1,-11.4,-7.1,0,,,4,,1020,
2024-03-08 00:00:00,-9.4,-14.9,-5.1,0,,,3.1,,1022.4,
2024-03-09 00:00:00,-3.5,-8.9,1.1,2.5,,,4.6,,1012.7,
2024-03-10 00:00:00,-2.6,-4.6,-0.8,1.1,,,10.2,,1014.1,
2024-03-11 00:00:00,-6.7,-9.7,-5.3,0,,,7,,1023.2,
2024-03-12 00:00:00,-9.6,-11.8,-7.4,0,,,2.4,,1021.2,
2024-03-13 00:00:00,-8.1,-10.5,-5.7,1.1,,,5.8,,1020.9,
2024-03-14 00:00:00,-12.1,-15.5,-9.2,0,,,7.3,,1031.6,
2024-03-15 00:00:00,-9.2,-11.3,-7.2,0.1,,,8.6,,1034.4,
2024-03-16 00:00:00,-7.4,-9.7,-3.8,0,,,9.4,,1034.5,
2024-03-17 00:00:00,-6.9,-10.9,-1.8,0,,,3.8,,1034.8,
2024-03-18 00:00:00,-4,-10.4,2.5,0,,,4.4,,1025.7,
2024-03-19 00:00:00,-1.5,-3.7,0.1,,,,6.7,,1018.2,
2024-03-20 00:00:00,-2.8,-6.5,-0.1,,,,4.8,,1022.3,
2024-03-21 00:00:00,-5,-9.8,0.2,,,,3.6,,1023.4,
2024-03-22 00:00:00,-4.9,-10,0.5,,,,2,,1024.1,
2024-03-23 00:00:00,-3.3,-8.1,2.2,,,,3.3,,1021.5,
2024-03-24 00:00:00,-2.1,-6.5,1.6,,,,4.8,,1020.3,
2024-03-25 00:00:00,1.3,-0.3,3.6,,,,5.5,,1022,
2024-03-26 00:00:00,4.1,-0.9,8.7,,,,4.4,,1020.9,
2024-03-27 00:00:00,4.3,3.5,5.1,,,,6.8,,1013.6,
2024-03-28 00:00:00,4.1,2.4,6.5,,,,6.6,,1008.8,
2024-03-29 00:00:00,2.5,0.4,4.3,,,,12.6,,1007,
2024-03-30 00:00:00,-2.1,-4,0.3,,,,8.6,,1013.7,
2024-03-31 00:00:00,-1.2,-5.7,3.5,,,,8,,1029.2,
2024-04-01 00:00:00,1.7,-2.2,5.3,,,,6.7,,1028.6,
2024-04-02 00:00:00,2.2,0.5,4.2,,,,4.7,,1023.8,
2024-04-03 00:00:00,1.7,-2.3,6.3,,,,2.6,,1026.8,
2024-04-04 00:00:00,5.9,-0.5,12.2,,,,2.6,,1027.4,
2024-04-05 00:00:00,9.1,2.8,15.4,,,,2.4,,1021.8,
2024-04-06 00:00:00,8.8,2.2,15.4,,,,3.4,,1017.5,
2024-04-07 00:00:00,5.3,1.4,9.5,,,,7.1,,1024.2,
2024-04-08 00:00:00,7.8,5.5,11.6,,,,6.2,,1014.2,
2024-04-09 00:00:00,4.6,3.2,5.8,,,,7.9,,1013,
2024-04-10 00:00:00,4.9,2.8,7.6,,,,5.8,,1015.4,
2024-04-11 00:00:00,1.3,-0.9,2.8,,,,7.1,,1021.1,
2024-04-12 00:00:00,3.3,-2.8,8.2,,,,7.6,,1021.3,
2024-04-13 00:00:00,9.3,4.5,13.9,,,,12.6,,1010.1,
2024-04-14 00:00:00,11.6,8.6,15.4,,,,11,,1006.6,
2024-04-15 00:00:00,7.5,5,10.1,,,,5.4,,1015.8,
2024-04-16 00:00:00,10.2,3.8,16,,,,5.1,,1018.8,
2024-04-17 00:00:00,12.1,9,14.9,,,,9.9,,1016.9,
2024-04-18 00:00:00,14.7,7.7,21.4,,,,7.2,,1019.4,
2024-04-19 00:00:00,17.6,11.1,23.5,,,,4.1,,1019.4,
2024-04-20 00:00:00,18.3,13.3,23.6,,,,3.1,,1023.6,
2024-04-21 00:00:00,17.7,10.9,24.1,,,,2.4,,1026.3,
2024-04-22 00:00:00,16.6,11.4,22.3,,,,6.2,,1023.8,
2024-04-23 00:00:00,13.9,8.7,19.3,,,,5.7,,1022,
2024-04-24 00:00:00,7.8,3.6,11.1,,,,9.9,,1020.2,
2024-04-25 00:00:00,4.8,-0.8,9.5,,,,10,,1024.9,
2024-04-26 00:00:00,7.9,3,12.2,,,,6.6,,1029.4,
2024-04-27 00:00:00,9,1.6,14.7,,,,3.7,,1030.7,
2024-04-28 00:00:00,11.4,3.5,17.1,,,,6.5,,1026,
2024-04-29 00:00:00,14.8,10.8,19.7,,,,9.1,,1017.9,
2024-04-30 00:00:00,6.2,2.1,11.1,,,,11.4,,1016.3,
2024-05-01 00:00:00,5.6,-0.6,10.4,,,,12.7,,1012.4,
2024-05-02 00:00:00,7.8,5.8,8.5,,,,9.6,,1007,
2024-05-03 00:00:00,8.2,2.7,12.9,,,,4.5,,1006.8,
2024-05-04 00:00:00,13.2,9.1,18.1,,,,5.1,,999.5,
2024-05-05 00:00:00,8.2,4.2,10.7,,,,5.2,,1006.5,
2024-05-06 00:00:00,8.3,1.1,13.3,,,,3.7,,1021.8,
2024-05-07 00:00:00,13.2,9.3,17.7,,,,5.9,,1017.9,
2024-05-08 00:00:00,15.4,6.3,22.1,,,,4.3,,1020.5,
2024-05-09 00:00:00,19.9,15.8,25.6,,,,10.3,,1007.9,
2024-05-10 00:00:00,13.4,10.2,16.9,,,,6.6,,1014.3,
2024-05-11 00:00:00,11.5,5.6,15.9,,,,3.8,,1022.1,
2024-05-12 00:00:00,15.3,6.8,21.6,,,,5.7,,1022.5,
2024-05-13 00:00:00,20,13.1,25.3,,,,11.6,,1012.5,
2024-05-14 00:00:00,17.4,10.8,21.1,,,,9.3,,1007.2,
2024-05-15 00:00:00,9.4,6.7,12.7,,,,12.4,,1017.3,
2024-05-16 00:00:00,11.5,4.1,17.3,,,,7,,1022.4,
2024-05-17 00:00:00,16.3,8,22.7,,,,2.8,,1016,
2024-05-18 00:00:00,18.8,14.3,23.3,,,,3.5,,1006.5,
2024-05-19 00:00:00,16.8,14.3,19.7,,,,9,,1003.5,
2024-05-20 00:00:00,12.5,9.7,13.8,,,,9.7,,1009.5,
2024-05-21 00:00:00,10.9,8.5,13.1,,,,7.3,,1015.5,
2024-05-22 00:00:00,14.4,8.6,19.7,,,,5.8,,1016.8,
2024-05-23 00:00:00,16,10.7,21.1,,,,6.4,,1015.2,
2024-05-24 00:00:00,9.1,6,12.3,,,,11.8,,1015.5,
2024-05-25 00:00:00,4.1,1.8,6.3,,,,16.1,,1014.2,
2024-05-26 00:00:00,8,3.2,13.7,,,,11.1,,1008.7,
2024-05-27 00:00:00,9.3,4.5,11.8,,,,7.5,,1013.4,
2024-05-28 00:00:00,7.6,0.8,13,,,,8.7,,1020.8,
2024-05-29 00:00:00,14.6,8.6,20,,,,9.2,,1015,
2024-05-30 00:00:00,13.3,7.7,17.6,,,,6.9,,1014.6,
2024-05-31 00:00:00,9.5,4.1,14.6,,,,5.2,,1024,
2024-06-01 00:00:00,13.3,6.2,18.4,,,,3.3,,1019.3,
2024-06-02 00:00:00,13.6,10.5,16.9,,,,7.4,,1015.6,
2024-06-03 00:00:00,16.3,8.5,21.7,,,,5.2,,1019.5,
2024-06-04 00:00:00,18.3,12.8,22.6,,,,5,,1017.2,
2024-06-05 00:00:00,21.8,14.6,27.6,,,,5.8,,1013.8,
2024-06-06 00:00:00,20.3,17.4,23.4,,,,7.1,,1007.7,
2024-06-07 00:00:00,20,17.1,22.7,,,,7,,1004,
2024-06-08 00:00:00,21.6,16.7,25.9,,,,4.9,,1003.8,
2024-06-09 00:00:00,25.4,19.7,30.9,,,,6.1,,1003.4,
2024-06-10 00:00:00,22.2,18.2,24.9,,,,7.5,,1004.4,
2024-06-11 00:00:00,18.9,14.7,23,,,,9.6,,1011.7,
2024-06-12 00:00:00,16.4,13.1,18.4,,,,8.1,,1015.8,
2024-06-13 00:00:00,20,14.6,24.5,,,,8.3,,1015,
2024-06-14 00:00:00,21.7,15.8,25.8,,,,4.6,,1012.7,
2024-06-15 00:00:00,23.4,16.9,28,,,,3.4,,1012.4,
2024-06-16 00:00:00,23.8,18.2,28.3,,,,2.7,,1012.6,
2024-06-17 00:00:00,23.6,18.5,28,,,,3.6,,1011.4,
2024-06-18 00:00:00,20.3,16.3,22.9,,,,7.9,,1015,
2024-06-19 00:00:00,18.9,11.9,23.2,,,,2.8,,1017.9,
2024-06-20 00:00:00,23,15.6,29.1,,,,6.7,,1007.9,
2024-06-21 00:00:00,22.9,19.1,26.9,,,,6.9,,1000.2,
2024-06-22 00:00:00,23.2,16.5,28.4,,,,4.8,,1002.2,
2024-06-23 00:00:00,26,19.4,31.3,,,,5.5,,1002,
2024-06-24 00:00:00,24.6,19.9,28.8,,,,8.3,,1001.2,
2024-06-25 00:00:00,22.7,17.6,26.3,,,,8.1,,1003.6,
2024-06-26 00:00:00,24.9,17,31.4,,,,5.9,,1004.4,
2024-06-27 00:00:00,24.8,18.3,29.7,,,,3.7,,1006.9,
2024-06-28 00:00:00,27.1,21.1,33.2,,,,8.1,,1001.2,
2024-06-29 00:00:00,22.9,17.9,26.3,,,,7.8,,1001.1,
2024-06-30 00:00:00,21.7,18.2,25.4,,,,8.2,,998.7,
2024-07-01 00:00:00,18.1,14.6,22.2,,,,4.8,,997.6,
2024-07-02 00:00:00,17.8,13.1,22.4,,,,5.7,,997.9,
2024-07-03 00:00:00,18.1,15.5,21,,,,6,,1002.8,
2024-07-04 00:00:00,18.3,13.6,23.1,,,,7.1,,1007.8,
2024-07-05 00:00:00,19.8,14.8,23.2,,,,5,,1006.6,
2024-07-06 00:00:00,18.5,16.3,20.8,,,,7.1,,1002.4,
2024-07-07 00:00:00,18.8,16.2,21.8,,,,9.3,,1002.7,
2024-07-08 00:00:00,19.6,17.1,22.4,,,,8.5,,1005.8,
2024-07-09 00:00:00,19.6,14.4,23.5,,,,5.2,,1012.6,
2024-07-10 00:00:00,21.1,14.6,25.6,,,,2.1,,1016,
2024-07-11 00:00:00,22.9,15.6,27.7,,,,2.5,,1012.9,
2024-07-12 00:00:00,25.3,19.4,30.3,,,,5.1,,1004.1,
2024-07-13 00:00:00,25.6,20.7,29.9,,,,5.3,,1000.7,
2024-07-14 00:00:00,24.7,19.8,28.3,,,,4.8,,1002,
2024-07-15 00:00:00,24.6,20.3,29.3,,,,4.6,,1003.3,
2024-07-16 00:00:00,23.4,20.1,27,,,,4.1,,1002.8,
2024-07-17 00:00:00,20.3,17.8,22.9,,,,2.9,,1002.2,
2024-07-18 00:00:00,19.8,17.1,23.6,,,,4.7,,1001.7,
2024-07-19 00:00:00,19.8,15.3,23.6,,,,2.8,,1001.6,
2024-07-20 00:00:00,20.9,16.1,26.1,,,,3.5,,1001.3,
2024-07-21 00:00:00,20.9,15.9,25.2,,,,4.8,,1004.5,
2024-07-22 00:00:00,22.9,16.3,28.2,,,,3,,1007,
2024-07-23 00:00:00,24.6,20.4,28.4,,,,4.6,,1003.1,
2024-07-24 00:00:00,22.1,18.2,25.2,,,,4.2,,1001.4,
2024-07-25 00:00:00,21,15.3,26.3,,,,5.9,,1003,
2024-07-26 00:00:00,23.9,19.3,29.9,,,,7.3,,997.3,
2024-07-27 00:00:00,21.7,15.3,26.7,,,,7,,1003.7,
2024-07-28 00:00:00,19.9,15.9,23.9,,,,6.2,,1006.1,
2024-07-29 00:00:00,19.6,14.1,24,,,,5.4,,1007.2,
2024-07-30 00:00:00,21.8,14.5,27.9,,,,4.1,,1007.6,
2024-07-31 00:00:00,25.2,17.8,32,,,,4.9,,1009,
2024-08-01 00:00:00,28.1,21.5,34,,,,5.5,,1004.9,
2024-08-02 00:00:00,25.2,18.9,31.2,,,,5.1,,998.1,
2024-08-03 00:00:00,22.4,17,27.3,,,,4.9,,1002.2,
2024-08-04 00:00:00,21.7,18.2,24.5,,,,5.2,,1004,
2024-08-05 00:00:00,20.9,14.4,26.3,,,,5.1,,1006.4,
2024-08-06 00:00:00,22.9,15.6,28.9,,,,2.7,,1007.5,
2024-08-07 00:00:00,23.5,20.3,27.7,,,,3.9,,1004.3,
2024-08-08 00:00:00,21.4,17.2,26.8,,,,3.8,,1003.8,
2024-08-09 00:00:00,17.6,12.9,20.3,,,,8.2,,1000.2,
2024-08-10 00:00:00,14.8,11.3,18.2,,,,7.6,,1008,
2024-08-11 00:00:00,16.8,12.3,20.9,,,,2.6,,1010.3,
2024-08-12 00:00:00,19.2,14.8,26,,,,3.9,,1005.8,
2024-08-13 00:00:00,22.2,15.8,29,,,,6.3,,1005.6,
2024-08-14 00:00:00,20.2,14.3,25.6,,,,7.3,,1006.4,
2024-08-15 00:00:00,17.6,14.1,22.4,,,,6,,1006.3,
2024-08-16 00:00:00,17.6,12.6,23.6,,,,10.4,,1003.6,
2024-08-17 00:00:00,17.5,13.4,22.1,,,,6.4,,1005.3,
2024-08-18 00:00:00,16.4,12,20.4,,,,6.4,,1006.3,
2024-08-19 00:00:00,16.8,12.2,20.6,,,,5.7,,1009.1,
2024-08-20 00:00:00,16.6,14,19.2,,,,5.5,,1006.7,
2024-08-21 00:00:00,17.4,11.5,22.8,,,,3.3,,1009.5,
2024-08-22 00:00:00,17.6,14.4,21.3,,,,6.2,,1005.8,
2024-08-23 00:00:00,15.1,12.2,18,,,,5.4,,1002.1,
2024-08-24 00:00:00,13.4,11.9,15.1,,,,6.2,,1004.6,
2024-08-25 00:00:00,13.1,10.6,16.2,,,,9.2,,1011.7,
2024-08-26 00:00:00,13.9,10.5,17.7,,,,4.4,,1015.7,
2024-08-27 00:00:00,14.5,9.6,18.8,,,,2.4,,1017.4,
2024-08-28 00:00:00,15.3,9.4,20.7,,,,3,,1020.6,
2024-08-29 00:00:00,16.9,10.9,22.3,,,,1.5,,1019.4,
2024-08-30 00:00:00,17.1,12.5,21.6,,,,2.8,,1017.1,
2024-08-31 00:00:00,15.8,11.7,20,,,,4.1,,1017,
2024-09-01 00:00:00,14.3,10.6,18,,,,5.2,,1018,
2024-09-02 00:00:00,13.8,9.5,18.1,,,,3.7,,1019.4,
2024-09-03 00:00:00,14.5,9.4,19.1,,,,4.4,,1019.6,
2024-09-04 00:00:00,11.2,8.1,13.5,,,,4.4,,1013.3,
2024-09-05 00:00:00,8.8,6.1,12.5,,,,7.1,,1012.9,
2024-09-06 00:00:00,8.1,6.2,9.8,,,,6.6,,1015.7,
2024-09-07 00:00:00,10.2,6.3,14.7,,,,5.9,,1017.9,
2024-09-08 00:00:00,12.7,9.3,16.8,,,,2.4,,1021.7,
2024-09-09 00:00:00,13.7,7.6,19.1,,,,1.9,,1023.5,
2024-09-10 00:00:00,15.7,11.7,19.9,,,,3.6,,1024.2,
2024-09-11 00:00:00,14.1,11.2,17.7,,,,9,,1027.2,
2024-09-12 00:00:00,11.3,7,15,,,,8.3,,1030.6,
2024-09-13 00:00:00,13.7,9.3,18.1,,,,8.5,,1026,
2024-09-14 00:00:00,14.6,8.8,20,,,,4.5,,1024.2,
2024-09-15 00:00:00,13.9,9.5,18.4,,,,5.2,,1022.7,
2024-09-16 00:00:00,8.3,4.7,10.8,,,,9.4,,1028.5,
2024-09-17 00:00:00,7.7,1.7,13.3,,,,7.4,,1033.9,
2024-09-18 00:00:00,9.6,3.2,15.3,,,,4.6,,1033,
2024-09-19 00:00:00,11.9,5.8,17.4,,,,5,,1024.6,
2024-09-20 00:00:00,12.1,7.8,16.8,,,,3.1,,1014.8,
2024-09-21 00:00:00,13.1,6.2,20.2,,,,3.9,,1016,
2024-09-22 00:00:00,14.4,7.1,21.1,,,,7,,1011.4,
2024-09-23 00:00:00,11.6,5.5,14.7,,,,6.6,,1013.8,
2024-09-24 00:00:00,7.2,2.3,12.6,,,,3.6,,1021.5,
2024-09-25 00:00:00,5.9,0.9,11.2,,,,2.1,,1024.2,
2024-09-26 00:00:00,4.8,1.6,8.4,,,,4.6,,1025.5,
2024-09-27 00:00:00,4.9,-1,9.4,,,,3.2,,1030.2,
2024-09-28 00:00:00,12.2,7.1,18.9,,,,2.3,,1031.5,
2024-09-29 00:00:00,13,6.5,19.8,,,,1.4,,1034.3,
2024-09-30 00:00:00,13.1,4.9,21.6,,,,0.8,,1031.1,
2024-10-01 00:00:00,14,5.9,22.6,,,,2.9,,1022.7,
2024-10-02 00:00:00,10.6,5.4,15,,,,10.6,,1020.6,
2024-10-03 00:00:00,6.7,1.5,12.4,,,,7.4,,1029.9,
2024-10-04 00:00:00,9.4,3.4,16.3,,,,3.5,,1029.5,
2024-10-05 00:00:00,11.2,4.7,18.2,,,,3.2,,1021.4,
2024-10-06 00:00:00,11.8,5.9,19.1,,,,2.7,,1015,
2024-10-07 00:00:00,9.5,4.6,15.7,,,,3.6,,1023.6,
2024-10-08 00:00:00,11.5,4,18.1,,,,4.1,,1026.8,
2024-10-09 00:00:00,14.9,9.5,21.8,,,,3.2,,1017.7,
2024-10-10 00:00:00,14,8.5,20.9,,,,3.8,,1008.4,
2024-10-11 00:00:00,5.7,0.2,11,,,,10.8,,1002.4,
2024-10-12 00:00:00,-2.2,-4.1,-0.3,,,,13.4,,1018.7,
2024-10-13 00:00:00,-4.2,-7.3,-1,,,,11,,1031.5,
2024-10-14 00:00:00,-2.6,-5.5,1.2,,,,9.3,,1028.7,
2024-10-15 00:00:00,-1.3,-4,2.2,,,,8.5,,1026.6,
2024-10-16 00:00:00,0.9,-3.8,5.6,,,,6.4,,1029.2,
2024-10-17 00:00:00,2.4,-2.4,7.8,,,,1.4,,1033.9,
2024-10-18 00:00:00,3.3,-2.1,9,,,,0.4,,1033.2,
2024-10-19 00:00:00,5.4,1.3,11.4,,,,1.3,,1029.9,
2024-10-20 00:00:00,5.2,-1.3,11.5,,,,2.1,,1025.3,
2024-10-21 00:00:00,6.2,4.4,8.6,,,,2.6,,1016.2,
2024-10-22 00:00:00,5,2.1,7.6,,,,2.6,,1012.9,
2024-10-23 00:00:00,5.3,4.5,6.3,,,,6.5,,1012.1,
2024-10-24 00:00:00,4.7,2.8,5.9,,,,10.2,,1013.1,
2024-10-25 00:00:00,6.8,5.6,7.8,,,,9.3,,1014.5,
2024-10-26 00:00:00,6.3,4.3,8.2,,,,5.5,,1017.2,
2024-10-27 00:00:00,4.5,2,6.5,,,,4.7,,1017.4,
2024-10-28 00:00:00,2.9,0.7,6.1,,,,10,,1009.7,
2024-10-29 00:00:00,0.7,-1.7,3,,,,4.7,,1023.7,
2024-10-30 00:00:00,1.7,-0.4,3.8,,,,5.6,,1024.5,
2024-10-31 00:00:00,2.6,1.8,3.7,,,,4.5,,1021.4,
2024-11-01 00:00:00,2.8,1,4.9,,,,6.2,,1021.4,
2024-11-02 00:00:00,2.4,1.7,3.3,,,,10.2,,1014.5,
2024-11-03 00:00:00,9.5,3.9,13.1,,,,16.8,,1010.5,
2024-11-04 00:00:00,2.9,-3.9,9.6,,,,7.9,,1009.8,
2024-11-05 00:00:00,-2.8,-5.7,0.3,,,,2.7,,1021.2,
2024-11-06 00:00:00,1.2,-1.6,4.8,,,,16.2,,1003.7,
2024-11-07 00:00:00,-3.8,-4.8,-1.5,,,,19.1,,1012,
2024-11-08 00:00:00,-5.9,-8.4,-4.4,,,,7.9,,1025.8,
2024-11-09 00:00:00,-6.5,-10.4,-2.8,,,,11.7,,1024.5,
2024-11-10 00:00:00,-0.6,-2.5,0.4,,,,16.4,,1007.8,
2024-11-11 00:00:00,-5.4,-12.5,0.2,,,,7.2,,1014.7,
2024-11-12 00:00:00,-11.3,-12.8,-9.4,,,,4,,1027.8,
2024-11-13 00:00:00,-9.2,-12.5,-6.3,,,,7.7,,1021.7,
2024-11-14 00:00:00,-5.5,-9.5,-2.4,,,,8.5,,1025.9,
2024-11-15 00:00:00,-2.4,-4.4,-1.7,,,,6.8,,1028.6,
2024-11-16 00:00:00,-6.2,-8.7,-3.6,,,,6.6,,1027.9,
2024-11-17 00:00:00,-5.1,-6.8,-2.7,,,,5.5,,1023.3,
2024-11-18 00:00:00,-5.2,-8.1,-1,,,,4.6,,1026.1,
2024-11-19 00:00:00,-6.6,-10.5,-2.1,,,,2.8,,1026.2,
2024-11-20 00:00:00,-2.8,-7.8,2.6,,,,2.8,,1018.3,
2024-11-21 00:00:00,-1.7,-2.6,-0.4,,,,11,,1021.9,
2024-11-22 00:00:00,-3.2,-5.3,-1.1,,,,3.8,,1041.3,
2024-11-23 00:00:00,-5.2,-6.3,-2.6,,,,2.8,,1049.8,
2024-11-24 00:00:00,-3.5,-7.4,2.1,,,,2.6,,1047.1,
2024-11-25 00:00:00,-1.9,-3.5,1.5,,,,4.9,,1040.1,
2024-11-26 00:00:00,-4,-6.4,-0.4,,,,4,,1034.5,
2024-11-27 00:00:00,-4.8,-7.4,-0.5,,,,1.5,,1030.1,
2024-11-28 00:00:00,-5.4,-7.8,-1.6,,,,1.1,,1022.3,
2024-11-29 00:00:00,-8.8,-11,-5.5,,,,2,,1019.5,
2024-11-30 00:00:00,-12,-14.8,-8.1,,,,1.4,,1023.1,
2024-12-01 00:00:00,-11.9,-13.6,-10,,,,2.4,,1024.4,
2024-12-02 00:00:00,-7.3,-9.9,-4.9,,,,3.1,,1031.3,
2024-12-03 00:00:00,-7,-8.6,-5.4,,,,4.9,,1035.3,
2024-12-04 00:00:00,-9.6,-11.6,-7.4,,,,4.9,,1037.5,
2024-12-05 00:00:00,-5.7,-9.3,-3.4,,,,5.3,,1032.3,
2024-12-06 00:00:00,-6.7,-7.8,-5.5,,,,4.2,,1028.8,
2024-12-07 00:00:00,-9.6,-15.6,-6.9,,,,4.8,,1032.2,
2024-12-08 00:00:00,-16.4,-17.9,-13.9,,,,3.4,,1042.9,
2024-12-09 00:00:00,-19.6,-21.7,-16.4,,,,1.5,,1050.1,
2024-12-10 00:00:00,-20,-23,-16.2,,,,5.8,,1045.9,
2024-12-11 00:00:00,-13,-15.9,-11,,,,14,,1034.4,
2024-12-12 00:00:00,-9.6,-10.9,-8,,,,16.5,,1026.5,
2024-12-13 00:00:00,-7,-10.5,-3.9,,,,13.4,,1016.9,
2024-12-14 00:00:00,-2.5,-4.7,0.5,,,,8,,1011.4,
2024-12-15 00:00:00,-7.3,-12.1,0.2,,,,7.6,,1017.4,
2024-12-16 00:00:00,-12.2,-14.2,-10,,,,12.9,,1039.3,
2024-12-17 00:00:00,-11.3,-13.8,-8.5,,,,10.3,,1030.8,
2024-12-18 00:00:00,-7.7,-9.9,-5.5,,,,11,,1015.8,
2024-12-19 00:00:00,-2,-5.1,0,,,,13.3,,1009.8,
2024-12-20 00:00:00,-5.9,-11.2,-2.5,,,,9.5,,1013.9,
2024-12-21 00:00:00,-12.1,-13.3,-10.2,,,,7.8,,1028.3,
2024-12-22 00:00:00,-10.7,-14.1,-7.3,,,,8.8,,1031.9,
2024-12-23 00:00:00,-6.4,-7.4,-5.5,,,,3.5,,1034.1,
2024-12-24 00:00:00,-6.3,-8.7,-3.7,,,,1.7,,1038.7,
2024-12-25 00:00:00,-7.3,-9.4,-5,,,,1.4,,1040.5,
2024-12-26 00:00:00,-9,-11.1,-6.5,,,,5.1,,1033.7,
2024-12-27 00:00:00,-10.6,-12.5,-7.7,,,,7.9,,1026.5,
2024-12-28 00:00:00,-5.9,-8,-4,,,,8.8,,1025.9,
2024-12-29 00:00:00,-7.1,-9.1,-6.1,,,,6.3,,1024.2,
2024-12-30 00:00:00,-8.6,-10.4,-7.1,,,,3.6,,1025.3,
2024-12-31 00:00:00,-8.9,-10.9,-6.8,,,,2.8,,1025.7,
